12,"Vitamin A, RAE","Vitamin A, RAE",UG,0,2,,,,,,,,,,,,,
11,"Vitamin A, RAE","Vitamin A, RAE",UG,500,241,,,,,,,,,,,,,
11,"Vitamin A, RAE","Vitamin A, RAE",UG,6,4,,,,,,,,,,,,,
1,"Vitamin A, RAE","Vitamin A, RAE",UG,262,228,,,,,,,,,,,,,
1,"Vitamin A, RAE","Vitamin A, RAE",UG,317,300,,,,,,,,,,,,,
12,"Vitamin A, RAE","Vitamin A, RAE",UG,0,1,,,,,,,,,,,,,
2,"Vitamin A, RAE","Vitamin A, RAE",UG,5,4,,,,,,,,,,,,,
9,"Vitamin A, RAE","Vitamin A, RAE",UG,4,4,,,,,,,,,,,,,
9,"Vitamin A, RAE","Vitamin A, RAE",UG,17,21,,,,,,,,,,,,,
1,"Vitamin A, RAE","Vitamin A, RAE",UG,330,316,,,,,,,,,,,,,
1,"Vitamin A, RAE","Vitamin A, RAE",UG,68,69,,,,,,,,,,,,,
1,"Vitamin A, RAE","Vitamin A, RAE",UG,223,203,,,,,,,,,,,,,
1,"Vitamin A, RAE","Vitamin A, RAE",UG,1,1,,,,,,,,,,,,,
1,"Vitamin A, RAE","Vitamin A, RAE",UG,0,0,,,,,,,,,,,,,
1,"Vitamin A, RAE","Vitamin A, RAE",UG,120,127,,,,,,,,,,,,,
1,"Vitamin A, RAE","Vitamin A, RAE",UG,58,58,,,,,,,,,,,,,
1,"Vitamin A, RAE","Vitamin A, RAE",UG,61,64,,,,,,,,,,,,,
1,"Vitamin A, RAE","Vitamin A, RAE",UG,55,83,,,,,,,,,,,,,
7,"Vitamin A, RAE","Vitamin A, RAE",UG,25,18,,,,,,,,,,,,,
7,"Vitamin A, RAE","Vitamin A, RAE",UG,10,22,,,,,,,,,,,,,
1,"Vitamin A, RAE","Vitamin A, RAE",UG,46,32,,,,,,,,,,,,,
11,"Vitamin A, RAE","Vitamin A, RAE",UG,31,8,,,,,,,,,,,,,
1,"Vitamin A, RAE","Vitamin A, RAE",UG,160,180,,,,,,,,,,,,,
1,"Vitamin A, RAE","Vitamin A, RAE",UG,684,758,,,,,,,,,,,,,
9,"Vitamin A, RAE","Vitamin A, RAE",UG,3,1,,,,,,,,,,,,,
14,"Vitamin A, RAE","Vitamin A, RAE",UG,43,41.4,,,,,,,,,,,,,
11,"Vitamin A, RAE","Vitamin A, RAE",UG,469,306,,,,,,,,,,,,,
1,"Vitamin A, RAE","Vitamin A, RAE",UG,317,300,,,,,,,,,,,,,
1,"Vitamin A, RAE","Vitamin A, RAE",UG,58,58,,,,,,,,,,,,,
1,"Vitamin A, RAE","Vitamin A, RAE",UG,61,64,,,,,,,,,,,,,
1,"Vitamin A, RAE","Vitamin A, RAE",UG,55,83,,,,,,,,,,,,,
1,"Vitamin A, RAE","Vitamin A, RAE",UG,46,32,,,,,,,,,,,,,
1,Vitamin D3 (cholecalciferol),Vitamin D3 (cholecalciferol),UG,1.2,1.06,,,,,,,,,,,,,
1,"Vitamin D (D2 + D3), International Units",Vitamin D,IU,48,42.4,,,,,,,,,,,,,
1,Vitamin D (D2 + D3),Vitamin D (D2 + D3),UG,1.2,1.06,,,,,,,,,,,,,
1,"Vitamin D (D2 + D3), International Units",Vitamin D,IU,47,44,,,,,,,,,,,,,
1,Vitamin D3 (cholecalciferol),Vitamin D3 (cholecalciferol),UG,1.2,1.1,,,,,,,,,,,,,
1,Vitamin D (D2 + D3),Vitamin D (D2 + D3),UG,1.2,1.1,,,,,,,,,,,,,
1,Vitamin D3 (cholecalciferol),Vitamin D3 (cholecalciferol),UG,1.2,1.13,,,,,,,,,,,,,
1,Vitamin D (D2 + D3),Vitamin D (D2 + D3),UG,1.2,1.13,,,,,,,,,,,,,
1,"Vitamin D (D2 + D3), International Units",Vitamin D,IU,49,45.2,,,,,,,,,,,,,
1,"Vitamin D (D2 + D3), International Units",Vitamin D,IU,105,91,,,,,,,,,,,,,
1,Vitamin D3 (cholecalciferol),Vitamin D3 (cholecalciferol),UG,2.6,2.3,,,,,,,,,,,,,
1,Vitamin D (D2 + D3),Vitamin D (D2 + D3),UG,2.6,2.3,,,,,,,,,,,,,
1,Vitamin D2 (ergocalciferol),Vitamin D2 (ergocalciferol),UG,0,0,,,,,,,,,,,,,
1,Vitamin D (D2 + D3),Vitamin D (D2 + D3),UG,0,0,,,,,,,,,,,,,
1,Vitamin D3 (cholecalciferol),Vitamin D3 (cholecalciferol),UG,0,0,,,,,,,,,,,,,
1,"Vitamin D (D2 + D3), International Units",Vitamin D,IU,0,0,,,,,,,,,,,,,
1,Vitamin D2 (ergocalciferol),Vitamin D2 (ergocalciferol),UG,0,0,,,,,,,,,,,,,
1,Vitamin D (D2 + D3),Vitamin D (D2 + D3),UG,0,0,,,,,,,,,,,,,
1,"Vitamin D (D2 + D3), International Units",Vitamin D,IU,0,0,,,,,,,,,,,,,
1,Vitamin D3 (cholecalciferol),Vitamin D3 (cholecalciferol),UG,7.5,7.5,,,,,,,,,,,,,
1,Vitamin D (D2 + D3),Vitamin D (D2 + D3),UG,7.5,7.5,,,,,,,,,,,,,
1,"Vitamin D (D2 + D3), International Units",Vitamin D,IU,301,301,,,,,,,,,,,,,
1,Vitamin D2 (ergocalciferol),Vitamin D2 (ergocalciferol),UG,0,0,,,,,,,,,,,,,
1,Vitamin D3 (cholecalciferol),Vitamin D3 (cholecalciferol),UG,8.3,9.7,,,,,,,,,,,,,
1,"Vitamin D (D2 + D3), International Units",Vitamin D,IU,331,388,,,,,,,,,,,,,
1,Vitamin D (D2 + D3),Vitamin D (D2 + D3),UG,8.3,9.7,,,,,,,,,,,,,
1,Vitamin D2 (ergocalciferol),Vitamin D2 (ergocalciferol),UG,0,0,,,,,,,,,,,,,
1,Vitamin D2 (ergocalciferol),Vitamin D2 (ergocalciferol),UG,0,0,,,,,,,,,,,,,
1,"Vitamin D (D2 + D3), International Units",Vitamin D,IU,238,231,,,,,,,,,,,,,
1,Vitamin D3 (cholecalciferol),Vitamin D3 (cholecalciferol),UG,6,5.8,,,,,,,,,,,,,
1,Vitamin D (D2 + D3),Vitamin D (D2 + D3),UG,6,5.8,,,,,,,,,,,,,
1,Vitamin D (D2 + D3),Vitamin D (D2 + D3),UG,10.4,15.7,,,,,,,,,,,,,
1,"Vitamin D (D2 + D3), International Units",Vitamin D,IU,417,628,,,,,,,,,,,,,
1,Vitamin D3 (cholecalciferol),Vitamin D3 (cholecalciferol),UG,10.4,15.7,,,,,,,,,,,,,
1,Vitamin D2 (ergocalciferol),Vitamin D2 (ergocalciferol),UG,0,0,,,,,,,,,,,,,
1,"Vitamin D (D2 + D3), International Units",Vitamin D,IU,0,0,,,,,,,,,,,,,
1,Vitamin D2 (ergocalciferol),Vitamin D2 (ergocalciferol),UG,0,0,,,,,,,,,,,,,
1,Vitamin D (D2 + D3),Vitamin D (D2 + D3),UG,0,0,,,,,,,,,,,,,
1,Vitamin D3 (cholecalciferol),Vitamin D3 (cholecalciferol),UG,0,0,,,,,,,,,,,,,
1,Vitamin D3 (cholecalciferol),Vitamin D3 (cholecalciferol),UG,1,1,,,,,,,,,,,,,
1,Vitamin D2 (ergocalciferol),Vitamin D2 (ergocalciferol),UG,0,0,,,,,,,,,,,,,
1,Vitamin D (D2 + D3),Vitamin D (D2 + D3),UG,1,1,,,,,,,,,,,,,
1,"Vitamin D (D2 + D3), International Units",Vitamin D,IU,40,40,,,,,,,,,,,,,
1,Vitamin D3 (cholecalciferol),Vitamin D3 (cholecalciferol),UG,1.2,1.06,,,,,,,,,,,,,
1,"Vitamin D (D2 + D3), International Units",Vitamin D,IU,48,42.4,,,,,,,,,,,,,
1,Vitamin D (D2 + D3),Vitamin D (D2 + D3),UG,1.2,1.06,,,,,,,,,,,,,
1,"Vitamin D (D2 + D3), International Units",Vitamin D,IU,47,44,,,,,,,,,,,,,
1,Vitamin D3 (cholecalciferol),Vitamin D3 (cholecalciferol),UG,1.2,1.1,,,,,,,,,,,,,
1,Vitamin D (D2 + D3),Vitamin D (D2 + D3),UG,1.2,1.1,,,,,,,,,,,,,
1,Vitamin D3 (cholecalciferol),Vitamin D3 (cholecalciferol),UG,1.2,1.13,,,,,,,,,,,,,
1,Vitamin D (D2 + D3),Vitamin D (D2 + D3),UG,1.2,1.13,,,,,,,,,,,,,
1,"Vitamin D (D2 + D3), International Units",Vitamin D,IU,49,45.2,,,,,,,,,,,,,
1,"Vitamin D (D2 + D3), International Units",Vitamin D,IU,51,38.4,,,,,,,,,,,,,
1,Vitamin D (D2 + D3),Vitamin D (D2 + D3),UG,1.3,0.96,,,,,,,,,,,,,
1,Vitamin D3 (cholecalciferol),Vitamin D3 (cholecalciferol),UG,1.3,0.96,,,,,,,,,,,,,
1,Vitamin D (D2 + D3),Vitamin D (D2 + D3),UG,2,2.46,,,,,,,,,,,,,
1,Vitamin D3 (cholecalciferol),Vitamin D3 (cholecalciferol),UG,2,2.46,,,,,,,,,,,,,
1,"Vitamin D (D2 + D3), International Units",Vitamin D,IU,82,98.4,,,,,,,,,,,,,
1,Vitamin D2 (ergocalciferol),Vitamin D2 (ergocalciferol),UG,0,0,,,,,,,,,,,,,
1,Vitamin D (D2 + D3),Vitamin D (D2 + D3),UG,0,0.4,,,,,,,,,,,,,
1,"Vitamin D (D2 + D3), International Units",Vitamin D,IU,0,16,,,,,,,,,,,,,
1,Vitamin D3 (cholecalciferol),Vitamin D3 (cholecalciferol),UG,0,0.4,,,,,,,,,,,,,
11,"Vitamin D (D2 + D3), International Units",Vitamin D,IU,29,1.62,,,,,,,,,,,,,
11,Vitamin D (D2 + D3),Vitamin D (D2 + D3),UG,0.7,0.0406,,,,,,,,,,,,,
11,Vitamin D2 (ergocalciferol),Vitamin D2 (ergocalciferol),UG,0.7,0.04063,,,,,,,,,,,,,
11,"Vitamin D (D2 + D3), International Units",Vitamin D,IU,18,2.25,,,,,,,,,,,,,
11,Vitamin D (D2 + D3),Vitamin D (D2 + D3),UG,0.4,0.0562,,,,,,,,,,,,,
11,Vitamin D2 (ergocalciferol),Vitamin D2 (ergocalciferol),UG,0.4,0.05625,,,,,,,,,,,,,
11,"Vitamin D (D2 + D3), International Units",Vitamin D,IU,7,0.868,,,,,,,,,,,,,
11,Vitamin D (D2 + D3),Vitamin D (D2 + D3),UG,0.2,0.0217,,,,,,,,,,,,,
11,Vitamin D2 (ergocalciferol),Vitamin D2 (ergocalciferol),UG,0.2,0.02167,,,,,,,,,,,,,
16,"Vitamin D (D2 + D3), International Units",Vitamin D,IU,49,27.2,,,,,,,,,,,,,
16,Vitamin D (D2 + D3),Vitamin D (D2 + D3),UG,1.2,0.681,,,,,,,,,,,,,
16,Vitamin D2 (ergocalciferol),Vitamin D2 (ergocalciferol),UG,1.2,0.6814,,,,,,,,,,,,,
14,"Vitamin D (D2 + D3), International Units",Vitamin D,IU,42,37.1,,,,,,,,,,,,,
14,Vitamin D (D2 + D3),Vitamin D (D2 + D3),UG,1,0.927,,,,,,,,,,,,,
14,Vitamin D3 (cholecalciferol),Vitamin D3 (cholecalciferol),UG,1,0,,,,,,,,,,,,,
11,"Vitamin D (D2 + D3), International Units",Vitamin D,IU,14,0,,,,,,,,,,,,,
11,Vitamin D (D2 + D3),Vitamin D (D2 + D3),UG,0.3,0,,,,,,,,,,,,,
11,Vitamin D2 (ergocalciferol),Vitamin D2 (ergocalciferol),UG,0.3,0,,,,,,,,,,,,,
11,"Vitamin D (D2 + D3), International Units",Vitamin D,IU,5,0,,,,,,,,,,,,,
11,Vitamin D (D2 + D3),Vitamin D (D2 + D3),UG,0.1,0,,,,,,,,,,,,,
11,Vitamin D2 (ergocalciferol),Vitamin D2 (ergocalciferol),UG,0.1,0,,,,,,,,,,,,,
11,"Vitamin D (D2 + D3), International Units",Vitamin D,IU,3,0,,,,,,,,,,,,,
11,Vitamin D (D2 + D3),Vitamin D (D2 + D3),UG,0.1,0,,,,,,,,,,,,,
11,Vitamin D2 (ergocalciferol),Vitamin D2 (ergocalciferol),UG,0.1,0,,,,,,,,,,,,,
11,"Vitamin D (D2 + D3), International Units",Vitamin D,IU,1123,64,,,,,,,,,,,,,
11,Vitamin D (D2 + D3),Vitamin D (D2 + D3),UG,28.1,1.6,,,,,,,,,,,,,
11,Vitamin D2 (ergocalciferol),Vitamin D2 (ergocalciferol),UG,28.1,1.596,,,,,,,,,,,,,
1,"Vitamin D (D2 + D3), International Units",Vitamin D,IU,1,21.7,,,,,,,,,,,,,
1,Vitamin D (D2 + D3),Vitamin D (D2 + D3),UG,0,0.543,,,,,,,,,,,,,
1,Vitamin D3 (cholecalciferol),Vitamin D3 (cholecalciferol),UG,0,0.5434,,,,,,,,,,,,,
1,"Vitamin D (D2 + D3), International Units",Vitamin D,IU,2,31.1,,,,,,,,,,,,,
1,Vitamin D (D2 + D3),Vitamin D (D2 + D3),UG,0.1,0.778,,,,,,,,,,,,,
1,Vitamin D3 (cholecalciferol),Vitamin D3 (cholecalciferol),UG,0.1,0.7783,,,,,,,,,,,,,
1,"Vitamin D (D2 + D3), International Units",Vitamin D,IU,0,0,,,,,,,,,,,,,
1,Vitamin D (D2 + D3),Vitamin D (D2 + D3),UG,0,0,,,,,,,,,,,,,
1,Vitamin D3 (cholecalciferol),Vitamin D3 (cholecalciferol),UG,0,0,,,,,,,,,,,,,
1,Vitamin D2 (ergocalciferol),Vitamin D2 (ergocalciferol),UG,0,0,,,,,,,,,,,,,
1,"Vitamin D (D2 + D3), International Units",Vitamin D,IU,16,0,,,,,,,,,,,,,
1,Vitamin D (D2 + D3),Vitamin D (D2 + D3),UG,0.4,0,,,,,,,,,,,,,
1,Vitamin D3 (cholecalciferol),Vitamin D3 (cholecalciferol),UG,0.4,0,,,,,,,,,,,,,
1,"Vitamin D (D2 + D3), International Units",Vitamin D,IU,0,8.68,,,,,,,,,,,,,
1,Vitamin D (D2 + D3),Vitamin D (D2 + D3),UG,0,0.217,,,,,,,,,,,,,
1,"Vitamin D (D2 + D3), International Units",Vitamin D,IU,22,0,,,,,,,,,,,,,
1,Vitamin D (D2 + D3),Vitamin D (D2 + D3),UG,0.6,0,,,,,,,,,,,,,
1,Vitamin D3 (cholecalciferol),Vitamin D3 (cholecalciferol),UG,0.6,0,,,,,,,,,,,,,
1,"Vitamin D (D2 + D3), International Units",Vitamin D,IU,259,177,,,,,,,,,,,,,
1,Vitamin D (D2 + D3),Vitamin D (D2 + D3),UG,6.5,4.42,,,,,,,,,,,,,
1,Vitamin D2 (ergocalciferol),Vitamin D2 (ergocalciferol),UG,0,0,,,,,,,,,,,,,
1,Vitamin D3 (cholecalciferol),Vitamin D3 (cholecalciferol),UG,6.5,4.421,,,,,,,,,,,,,
1,"Vitamin D (D2 + D3), International Units",Vitamin D,IU,20,0,,,,,,,,,,,,,
1,Vitamin D (D2 + D3),Vitamin D (D2 + D3),UG,0.5,0,,,,,,,,,,,,,
1,Vitamin D3 (cholecalciferol),Vitamin D3 (cholecalciferol),UG,0.5,0,,,,,,,,,,,,,
1,"Vitamin D (D2 + D3), International Units",Vitamin D,IU,110,0,,,,,,,,,,,,,
1,Vitamin D (D2 + D3),Vitamin D (D2 + D3),UG,2.7,0,,,,,,,,,,,,,
1,Vitamin D3 (cholecalciferol),Vitamin D3 (cholecalciferol),UG,2.7,0,,,,,,,,,,,,,
1,"Vitamin D (D2 + D3), International Units",Vitamin D,IU,21,0,,,,,,,,,,,,,
1,Vitamin D (D2 + D3),Vitamin D (D2 + D3),UG,0.5,0,,,,,,,,,,,,,
16,"Vitamin D (D2 + D3), International Units",Vitamin D,IU,49,27.2,,,,,,,,,,,,,
16,Vitamin D (D2 + D3),Vitamin D (D2 + D3),UG,1.2,0.681,,,,,,,,,,,,,
16,Vitamin D2 (ergocalciferol),Vitamin D2 (ergocalciferol),UG,1.2,0.6814,,,,,,,,,,,,,
1,Vitamin B-12,Vitamin B-12,UG,0.47,0.61,,,,,,,,,,,,,
1,Vitamin B-6,Vitamin B-6,MG,0.037,0.06,,,,,,,,,,,,,
1,Vitamin B-12,Vitamin B-12,UG,0.5,0.58,,,,,,,,,,,,,
1,Vitamin B-6,Vitamin B-6,MG,0.037,0.058,,,,,,,,,,,,,
1,Vitamin B-6,Vitamin B-6,MG,0.038,0.061,,,,,,,,,,,,,
1,Vitamin B-12,Vitamin B-12,UG,0.53,0.55,,,,,,,,,,,,,
1,Vitamin B-12,Vitamin B-12,UG,1.5,1.45,,,,,,,,,,,,,
1,Vitamin B-6,Vitamin B-6,MG,0.054,0.056,,,,,,,,,,,,,
1,Vitamin B-12,Vitamin B-12,UG,0.47,0.61,,,,,,,,,,,,,
1,Vitamin B-6,Vitamin B-6,MG,0.037,0.06,,,,,,,,,,,,,
1,Vitamin B-12,Vitamin B-12,UG,0.5,0.58,,,,,,,,,,,,,
1,Vitamin B-6,Vitamin B-6,MG,0.037,0.058,,,,,,,,,,,,,
1,Vitamin B-6,Vitamin B-6,MG,0.038,0.061,,,,,,,,,,,,,
1,Vitamin B-12,Vitamin B-12,UG,0.53,0.55,,,,,,,,,,,,,
1,Vitamin B-12,Vitamin B-12,UG,0.45,0.54,,,,,,,,,,,,,
1,Vitamin B-6,Vitamin B-6,MG,0.036,0.061,,,,,,,,,,,,,
16,Vitamin B-6,Vitamin B-6,MG,0.2,0.143,,,,,,,,,,,,,
12,Vitamin B-6,Vitamin B-6,MG,0.136,0.075,,,,,,,,,,,,,
11,Vitamin B-6,Vitamin B-6,MG,0.271,0.147,,,,,,,,,,,,,
11,Vitamin B-6,Vitamin B-6,MG,0.117,0.127,,,,,,,,,,,,,
11,Vitamin B-6,Vitamin B-6,MG,0.035,0.034,,,,,,,,,,,,,
1,Vitamin B-12,Vitamin B-12,UG,1.4,1.35,,,,,,,,,,,,,
1,Vitamin B-6,Vitamin B-6,MG,0.081,0.081,,,,,,,,,,,,,
1,Vitamin B-12,Vitamin B-12,UG,1.5,1.45,,,,,,,,,,,,,
1,Vitamin B-6,Vitamin B-6,MG,0.054,0.056,,,,,,,,,,,,,
9,Vitamin B-6,Vitamin B-6,MG,0.02,0,,,,,,,,,,,,,
12,Vitamin B-6,Vitamin B-6,MG,0.804,0.76,,,,,,,,,,,,,
18,Vitamin B-6,Vitamin B-6,MG,0.087,0.092,,,,,,,,,,,,,
2,Vitamin B-6,Vitamin B-6,MG,0.07,0.069,,,,,,,,,,,,,
9,Vitamin B-6,Vitamin B-6,MG,0.063,0.061,,,,,,,,,,,,,
9,Vitamin B-6,Vitamin B-6,MG,0.025,0.025,,,,,,,,,,,,,
1,Vitamin B-12,Vitamin B-12,UG,1.1,1.06,,,,,,,,,,,,,
1,Vitamin B-6,Vitamin B-6,MG,0.066,0.069,,,,,,,,,,,,,
1,Vitamin B-12,Vitamin B-12,UG,0.47,0.42,,,,,,,,,,,,,
1,Vitamin B-6,Vitamin B-6,MG,0.057,0.057,,,,,,,,,,,,,
1,Vitamin B-6,Vitamin B-6,MG,0.1,0.09,,,,,,,,,,,,,
1,Vitamin B-12,Vitamin B-12,UG,1.68,1.65,,,,,,,,,,,,,
1,Vitamin B-6,Vitamin B-6,MG,0.063,0.064,,,,,,,,,,,,,
1,Vitamin B-12,Vitamin B-12,UG,0.75,0.7,,,,,,,,,,,,,
1,Vitamin B-12,Vitamin B-12,UG,0.49,0.45,,,,,,,,,,,,,
1,Vitamin B-6,Vitamin B-6,MG,0.05,0.05,,,,,,,,,,,,,
1,Vitamin B-6,Vitamin B-6,MG,0.043,0.099,,,,,,,,,,,,,
1,Vitamin B-12,Vitamin B-12,UG,0.34,0.78,,,,,,,,,,,,,
1,Vitamin B-12,Vitamin B-12,UG,0.47,0.61,,,,,,,,,,,,,
1,Vitamin B-6,Vitamin B-6,MG,0.037,0.06,,,,,,,,,,,,,
1,Vitamin B-12,Vitamin B-12,UG,0.5,0.58,,,,,,,,,,,,,
1,Vitamin B-6,Vitamin B-6,MG,0.037,0.058,,,,,,,,,,,,,
1,Vitamin B-6,Vitamin B-6,MG,0.038,0.061,,,,,,,,,,,,,
1,Vitamin B-12,Vitamin B-12,UG,0.53,0.55,,,,,,,,,,,,,
7,Vitamin B-12,Vitamin B-12,UG,2.03,1.13,,,,,,,,,,,,,
7,Vitamin B-6,Vitamin B-6,MG,0.192,0.15,,,,,,,,,,,,,
7,Vitamin B-12,Vitamin B-12,UG,1.3,1.06,,,,,,,,,,,,,
7,Vitamin B-6,Vitamin B-6,MG,0.33,0.343,,,,,,,,,,,,,
1,Vitamin B-12,Vitamin B-12,UG,0.45,0.54,,,,,,,,,,,,,
1,Vitamin B-6,Vitamin B-6,MG,0.036,0.061,,,,,,,,,,,,,
7,Vitamin B-6,Vitamin B-6,MG,0.208,0.335,,,,,,,,,,,,,
7,Vitamin B-12,Vitamin B-12,UG,0.79,1.2,,,,,,,,,,,,,
11,Vitamin B-6,Vitamin B-6,MG,0.175,0.191,,,,,,,,,,,,,
1,"Carbohydrate, by difference",Vitamin B-6,MG,0.17,0.063,,,,,,,,,,,,,
1,Vitamin B-12,Vitamin B-12,UG,0.89,1.02,,,,,,,,,,,,,
20,Vitamin B-6,Vitamin B-6,MG,0.044,0.066,,,,,,,,,,,,,
20,Vitamin B-6,Vitamin B-6,MG,0.044,0.079,,,,,,,,,,,,,
20,Vitamin B-6,Vitamin B-6,MG,0.044,0.085,,,,,,,,,,,,,
20,Vitamin B-6,Vitamin B-6,MG,0.407,0.268,,,,,,,,,,,,,
20,Vitamin B-6,Vitamin B-6,MG,0.037,0.079,,,,,,,,,,,,,
20,Vitamin B-6,Vitamin B-6,MG,0.436,0.052,,,,,,,,,,,,,
1,Vitamin B-6,Vitamin B-6,MG,0.003,0,,,,,,,,,,,,,
1,Vitamin B-12,Vitamin B-12,UG,0.17,0,,,,,,,,,,,,,
16,Vitamin B-6,Vitamin B-6,MG,0.574,0.618,,,,,,,,,,,,,
16,Vitamin B-6,Vitamin B-6,MG,0.461,0.34,,,,,,,,,,,,,
20,Vitamin B-6,Vitamin B-6,MG,0.736,0.132,,,,,,,,,,,,,
9,Vitamin B-6,Vitamin B-6,MG,0.367,0.209,,,,,,,,,,,,,
9,Vitamin B-6,Vitamin B-6,MG,0.034,0.02131,,,,,,,,,,,,,
9,Vitamin B-6,Vitamin B-6,MG,0.045,0.03544,,,,,,,,,,,,,
9,Vitamin B-6,Vitamin B-6,MG,0.049,0.03175,,,,,,,,,,,,,
9,Vitamin B-6,Vitamin B-6,MG,0.037,0.02788,,,,,,,,,,,,,
9,Vitamin B-6,Vitamin B-6,MG,0.051,0.03275,,,,,,,,,,,,,
11,Vitamin B-6,Vitamin B-6,MG,0.11,0.09888,,,,,,,,,,,,,
11,Vitamin B-6,Vitamin B-6,MG,0.293,0.1593,,,,,,,,,,,,,
11,Vitamin B-6,Vitamin B-6,MG,0.104,0.07683,,,,,,,,,,,,,
16,Vitamin B-12,Vitamin B-12,UG,1.11,0.3931,,,,,,,,,,,,,
16,Vitamin B-6,Vitamin B-6,MG,0.049,0.05525,,,,,,,,,,,,,
14,Vitamin B-12,Vitamin B-12,UG,0,0.3375,,,,,,,,,,,,,
14,Vitamin B-6,Vitamin B-6,MG,0.015,0,,,,,,,,,,,,,
11,Vitamin B-6,Vitamin B-6,MG,0.195,0.2143,,,,,,,,,,,,,
20,Vitamin B-6,Vitamin B-6,MG,0.23,0.2355,,,,,,,,,,,,,
9,Vitamin B-6,Vitamin B-6,MG,0.018,0.01388,,,,,,,,,,,,,
9,Vitamin B-6,Vitamin B-6,MG,0.076,0.04288,,,,,,,,,,,,,
9,Vitamin B-6,Vitamin B-6,MG,0.032,0.03869,,,,,,,,,,,,,
9,Vitamin B-6,Vitamin B-6,MG,0.052,0.00925,,,,,,,,,,,,,
11,Vitamin B-6,Vitamin B-6,MG,0.07,0.07613,,,,,,,,,,,,,
9,Vitamin B-6,Vitamin B-6,MG,0.04,0.04113,,,,,,,,,,,,,
11,Vitamin B-6,Vitamin B-6,MG,0.122,0.09692,,,,,,,,,,,,,
11,Vitamin B-6,Vitamin B-6,MG,0.1,0.1188,,,,,,,,,,,,,
11,Vitamin B-6,Vitamin B-6,MG,0.11,0.1125,,,,,,,,,,,,,
11,Vitamin B-6,Vitamin B-6,MG,0.056,0.071,,,,,,,,,,,,,
11,Vitamin B-6,Vitamin B-6,MG,0.138,0.1456,,,,,,,,,,,,,
11,Vitamin B-6,Vitamin B-6,MG,0.105,0.1146,,,,,,,,,,,,,
11,Vitamin B-6,Vitamin B-6,MG,0.224,0.2468,,,,,,,,,,,,,
11,Vitamin B-6,Vitamin B-6,MG,0.168,0.2918,,,,,,,,,,,,,
11,Vitamin B-6,Vitamin B-6,MG,0.291,0.3027,,,,,,,,,,,,,
1,Vitamin B-6,Vitamin B-6,MG,0.034,0.03931,,,,,,,,,,,,,
1,Vitamin B-6,Vitamin B-6,MG,0.032,0.04506,,,,,,,,,,,,,
1,Vitamin B-6,Vitamin B-6,MG,0.063,0.04394,,,,,,,,,,,,,
1,Vitamin B-6,Vitamin B-6,MG,0.424,0.03831,,,,,,,,,,,,,
11,Vitamin B-6,Vitamin B-6,MG,0.769,0.582,,,,,,,,,,,,,
16,Vitamin B-6,Vitamin B-6,MG,0.441,0.3805,,,,,,,,,,,,,
12,Vitamin B-6,Vitamin B-6,MG,0.103,0.08375,,,,,,,,,,,,,
12,Vitamin B-6,Vitamin B-6,MG,0.473,0.3926,,,,,,,,,,,,,
1,Vitamin B-6,Vitamin B-6,MG,0.046,0.0466,,,,,,,,,,,,,
1,Vitamin B-12,Vitamin B-12,UG,0.43,0.6617,,,,,,,,,,,,,
1,Vitamin B-6,Vitamin B-6,MG,0.056,0.03925,,,,,,,,,,,,,
1,Vitamin B-12,Vitamin B-12,UG,0.22,0,,,,,,,,,,,,,
1,Vitamin B-12,Vitamin B-12,UG,0.16,0,,,,,,,,,,,,,
1,Vitamin B-6,Vitamin B-6,MG,0.035,0.031,,,,,,,,,,,,,
1,Vitamin B-12,Vitamin B-12,UG,0.21,0.06175,,,,,,,,,,,,,
1,Vitamin B-6,Vitamin B-6,MG,0.041,0.0385,,,,,,,,,,,,,
11,Vitamin B-6,Vitamin B-6,MG,0.042,0.04013,,,,,,,,,,,,,
11,Vitamin B-6,Vitamin B-6,MG,0.1,0.07413,,,,,,,,,,,,,
11,Vitamin B-6,Vitamin B-6,MG,0.09,0.07088,,,,,,,,,,,,,
12,Vitamin B-6,Vitamin B-6,MG,0.094,0.2546,,,,,,,,,,,,,
12,Vitamin B-6,Vitamin B-6,MG,0.137,0.1008,,,,,,,,,,,,,
12,Vitamin B-6,Vitamin B-6,MG,0.537,0.6603,,,,,,,,,,,,,
12,Vitamin B-6,Vitamin B-6,MG,0.21,0.1711,,,,,,,,,,,,,
20,Vitamin B-6,Vitamin B-6,MG,0.119,0.1346,,,,,,,,,,,,,
9,Vitamin B-6,Vitamin B-6,MG,0.112,0.1101,,,,,,,,,,,,,
9,Vitamin B-6,Vitamin B-6,MG,0.049,0.04888,,,,,,,,,,,,,
11,Vitamin B-6,Vitamin B-6,MG,0.141,0.121,,,,,,,,,,,,,
11,Vitamin B-6,Vitamin B-6,MG,0.074,0.05175,,,,,,,,,,,,,
11,Vitamin B-6,Vitamin B-6,MG,0.124,0.1384,,,,,,,,,,,,,
11,Vitamin B-6,Vitamin B-6,MG,0.209,0.1789,,,,,,,,,,,,,
20,Vitamin B-6,Vitamin B-6,MG,0.582,0.1699,,,,,,,,,,,,,
20,Vitamin B-6,Vitamin B-6,MG,0.396,0.1995,,,,,,,,,,,,,
20,Vitamin B-6,Vitamin B-6,MG,0.21,0.2776,,,,,,,,,,,,,
20,Vitamin B-6,Vitamin B-6,MG,0.384,0.1918,,,,,,,,,,,,,
20,Vitamin B-6,Vitamin B-6,MG,0.477,0.1606,,,,,,,,,,,,,
20,Vitamin B-6,Vitamin B-6,MG,0.164,0.05788,,,,,,,,,,,,,
16,Vitamin B-12,Vitamin B-12,UG,1.11,0.3931,,,,,,,,,,,,,
16,Vitamin B-6,Vitamin B-6,MG,0.049,0.05525,,,,,,,,,,,,,
1,"Calcium, Ca","Calcium, Ca",MG,125,126,,,,,,,,,,,,,
1,"Calcium, Ca","Calcium, Ca",MG,122,132,,,,,,,,,,,,,
1,"Calcium, Ca","Calcium, Ca",MG,120,126,,,,,,,,,,,,,
1,"Calcium, Ca","Calcium, Ca",MG,1045,866,,,,,,,,,,,,,
1,"Calcium, Ca","Calcium, Ca",MG,125,126,,,,,,,,,,,,,
1,"Calcium, Ca","Calcium, Ca",MG,122,132,,,,,,,,,,,,,
1,"Calcium, Ca","Calcium, Ca",MG,120,126,,,,,,,,,,,,,
1,"Calcium, Ca","Calcium, Ca",MG,113,123,,,,,,,,,,,,,
1,"Calcium, Ca","Calcium, Ca",MG,1375,1498,,,,,,,,,,,,,
16,"Calcium, Ca","Calcium, Ca",MG,38,41,,,,,,,,,,,,,
11,"Calcium, Ca","Calcium, Ca",MG,37,36,,,,,,,,,,,,,
12,"Calcium, Ca","Calcium, Ca",MG,268,273,,,,,,,,,,,,,
11,"Calcium, Ca","Calcium, Ca",MG,150,254,,,,,,,,,,,,,
1,"Calcium, Ca","Calcium, Ca",MG,62,55,,,,,,,,,,,,,
1,"Calcium, Ca","Calcium, Ca",MG,8,9,,,,,,,,,,,,,
1,"Calcium, Ca","Calcium, Ca",MG,62,104,,,,,,,,,,,,,
11,"Calcium, Ca","Calcium, Ca",MG,31,28,,,,,,,,,,,,,
11,"Calcium, Ca","Calcium, Ca",MG,57,54,,,,,,,,,,,,,
1,"Calcium, Ca","Calcium, Ca",MG,853,884,,,,,,,,,,,,,
1,"Calcium, Ca","Calcium, Ca",MG,1045,866,,,,,,,,,,,,,
9,"Calcium, Ca","Calcium, Ca",MG,14,16,,,,,,,,,,,,,
12,"Calcium, Ca","Calcium, Ca",MG,70,78,,,,,,,,,,,,,
18,"Calcium, Ca","Calcium, Ca",MG,144,211,,,,,,,,,,,,,
2,"Calcium, Ca","Calcium, Ca",MG,63,63,,,,,,,,,,,,,
9,"Calcium, Ca","Calcium, Ca",MG,34,35,,,,,,,,,,,,,
9,"Calcium, Ca","Calcium, Ca",MG,6,2,,,,,,,,,,,,,
1,"Calcium, Ca","Calcium, Ca",MG,710,707,,,,,,,,,,,,,
1,"Calcium, Ca","Calcium, Ca",MG,111,103,,,,,,,,,,,,,
1,"Calcium, Ca","Calcium, Ca",MG,697,693,,,,,,,,,,,,,
1,"Calcium, Ca","Calcium, Ca",MG,244,220,,,,,,,,,,,,,
1,"Calcium, Ca","Calcium, Ca",MG,134,119,,,,,,,,,,,,,
1,"Calcium, Ca","Calcium, Ca",MG,289,270,,,,,,,,,,,,,
1,"Calcium, Ca","Calcium, Ca",MG,110,111,,,,,,,,,,,,,
1,"Calcium, Ca","Calcium, Ca",MG,97,97,,,,,,,,,,,,,
7,"Calcium, Ca","Calcium, Ca",MG,5,5,,,,,,,,,,,,,
1,"Calcium, Ca","Calcium, Ca",MG,207,224,,,,,,,,,,,,,
1,"Calcium, Ca","Calcium, Ca",MG,125,126,,,,,,,,,,,,,
2,"Calcium, Ca","Calcium, Ca",MG,24,50,,,,,,,,,,,,,
1,"Calcium, Ca","Calcium, Ca",MG,122,132,,,,,,,,,,,,,
1,"Calcium, Ca","Calcium, Ca",MG,120,126,,,,,,,,,,,,,
7,"Calcium, Ca","Calcium, Ca",MG,15,35,,,,,,,,,,,,,
7,"Calcium, Ca","Calcium, Ca",MG,21,12,,,,,,,,,,,,,
1,"Calcium, Ca","Calcium, Ca",MG,113,123,,,,,,,,,,,,,
7,"Calcium, Ca","Calcium, Ca",MG,32,32,,,,,,,,,,,,,
11,"Calcium, Ca","Calcium, Ca",MG,47,46,,,,,,,,,,,,,
1,"Carbohydrate, by difference","Calcium, Ca",MG,56,48,,,,,,,,,,,,,
1,"Calcium, Ca","Calcium, Ca",MG,24,14,,,,,,,,,,,,,
20,"Calcium, Ca","Calcium, Ca",MG,15,19,,,,,,,,,,,,,
20,"Calcium, Ca","Calcium, Ca",MG,15,21,,,,,,,,,,,,,
20,"Calcium, Ca","Calcium, Ca",MG,15,22,,,,,,,,,,,,,
20,"Calcium, Ca","Calcium, Ca",MG,34,38,,,,,,,,,,,,,
20,"Calcium, Ca","Calcium, Ca",MG,15,19,,,,,,,,,,,,,
20,"Calcium, Ca","Calcium, Ca",MG,10,6,,,,,,,,,,,,,
1,"Calcium, Ca","Calcium, Ca",MG,24,21,,,,,,,,,,,,,
16,"Calcium, Ca","Calcium, Ca",MG,241,338,,,,,,,,,,,,,
16,"Calcium, Ca","Calcium, Ca",MG,206,258,,,,,,,,,,,,,
20,"Calcium, Ca","Calcium, Ca",MG,11,10,,,,,,,,,,,,,
9,"Calcium, Ca","Calcium, Ca",MG,5,5,,,,,,,,,,,,,
9,"Calcium, Ca","Calcium, Ca",MG,6,4.656,,,,,,,,,,,,,
9,"Calcium, Ca","Calcium, Ca",MG,7,5.975,,,,,,,,,,,,,
9,"Calcium, Ca","Calcium, Ca",MG,7,6.639,,,,,,,,,,,,,
9,"Calcium, Ca","Calcium, Ca",MG,5,5.483,,,,,,,,,,,,,
9,"Calcium, Ca","Calcium, Ca",MG,6,3.874,,,,,,,,,,,,,
11,"Calcium, Ca","Calcium, Ca",MG,3,0,,,,,,,,,,,,,
11,"Calcium, Ca","Calcium, Ca",MG,2,0.7663,,,,,,,,,,,,,
11,"Calcium, Ca","Calcium, Ca",MG,3,5.465,,,,,,,,,,,,,
16,"Calcium, Ca","Calcium, Ca",MG,124,101,,,,,,,,,,,,,
14,"Calcium, Ca","Calcium, Ca",MG,197,172.7,,,,,,,,,,,,,
11,"Calcium, Ca","Calcium, Ca",MG,99,66.64,,,,,,,,,,,,,
20,"Calcium, Ca","Calcium, Ca",MG,27,30.04,,,,,,,,,,,,,
9,"Calcium, Ca","Calcium, Ca",MG,8,7.099,,,,,,,,,,,,,
9,"Calcium, Ca","Calcium, Ca",MG,11,12.81,,,,,,,,,,,,,
9,"Calcium, Ca","Calcium, Ca",MG,11,9.741,,,,,,,,,,,,,
9,"Calcium, Ca","Calcium, Ca",MG,8,6.641,,,,,,,,,,,,,
11,"Calcium, Ca","Calcium, Ca",MG,10,9.744,,,,,,,,,,,,,
9,"Calcium, Ca","Calcium, Ca",MG,11,9.288,,,,,,,,,,,,,
11,"Calcium, Ca","Calcium, Ca",MG,3,3.235,,,,,,,,,,,,,
11,"Calcium, Ca","Calcium, Ca",MG,0,1.432,,,,,,,,,,,,,
11,"Calcium, Ca","Calcium, Ca",MG,18,4.105,,,,,,,,,,,,,
11,"Calcium, Ca","Calcium, Ca",MG,1,0,,,,,,,,,,,,,
11,"Calcium, Ca","Calcium, Ca",MG,33,30.48,,,,,,,,,,,,,
11,"Calcium, Ca","Calcium, Ca",MG,32,42.23,,,,,,,,,,,,,
11,"Calcium, Ca","Calcium, Ca",MG,10,7.496,,,,,,,,,,,,,
11,"Calcium, Ca","Calcium, Ca",MG,11,6.686,,,,,,,,,,,,,
11,"Calcium, Ca","Calcium, Ca",MG,7,6.361,,,,,,,,,,,,,
1,"Calcium, Ca","Calcium, Ca",MG,116,120.1,,,,,,,,,,,,,
1,"Calcium, Ca","Calcium, Ca",MG,121,126.8,,,,,,,,,,,,,
1,"Calcium, Ca","Calcium, Ca",MG,100,110.9,,,,,,,,,,,,,
1,"Calcium, Ca","Calcium, Ca",MG,493,371.1,,,,,,,,,,,,,
11,"Calcium, Ca","Calcium, Ca",MG,65,44.12,,,,,,,,,,,,,
16,"Calcium, Ca","Calcium, Ca",MG,49,49.85,,,,,,,,,,,,,
12,"Calcium, Ca","Calcium, Ca",MG,347,263.8,,,,,,,,,,,,,
12,"Calcium, Ca","Calcium, Ca",MG,255,229.9,,,,,,,,,,,,,
1,"Calcium, Ca","Calcium, Ca",MG,83,88.27,,,,,,,,,,,,,
1,"Calcium, Ca","Calcium, Ca",MG,97,97.11,,,,,,,,,,,,,
1,"Calcium, Ca","Calcium, Ca",MG,66,61.21,,,,,,,,,,,,,
1,"Calcium, Ca","Calcium, Ca",MG,101,107.2,,,,,,,,,,,,,
11,"Calcium, Ca","Calcium, Ca",MG,18,14.24,,,,,,,,,,,,,
11,"Calcium, Ca","Calcium, Ca",MG,33,42.59,,,,,,,,,,,,,
11,"Calcium, Ca","Calcium, Ca",MG,36,39.84,,,,,,,,,,,,,
12,"Calcium, Ca","Calcium, Ca",MG,16,8.736,,,,,,,,,,,,,
12,"Calcium, Ca","Calcium, Ca",MG,269,253.6,,,,,,,,,,,,,
12,"Calcium, Ca","Calcium, Ca",MG,98,88.26,,,,,,,,,,,,,
12,"Calcium, Ca","Calcium, Ca",MG,70,54.83,,,,,,,,,,,,,
20,"Calcium, Ca","Calcium, Ca",MG,54,45.53,,,,,,,,,,,,,
9,"Calcium, Ca","Calcium, Ca",MG,13,12.5,,,,,,,,,,,,,
9,"Calcium, Ca","Calcium, Ca",MG,13,12.26,,,,,,,,,,,,,
11,"Calcium, Ca","Calcium, Ca",MG,37,40.05,,,,,,,,,,,,,
11,"Calcium, Ca","Calcium, Ca",MG,40,46.28,,,,,,,,,,,,,
11,"Calcium, Ca","Calcium, Ca",MG,16,16.34,,,,,,,,,,,,,
11,"Calcium, Ca","Calcium, Ca",MG,40,41.84,,,,,,,,,,,,,
11,"Calcium, Ca","Calcium, Ca",MG,45,30.99,,,,,,,,,,,,,
9,"Calcium, Ca","Calcium, Ca",MG,16,16.9,,,,,,,,,,,,,
9,"Calcium, Ca","Calcium, Ca",MG,25,16.41,,,,,,,,,,,,,
9,"Calcium, Ca","Calcium, Ca",MG,6,11.69,,,,,,,,,,,,,
9,"Calcium, Ca","Calcium, Ca",MG,4,3.821,,,,,,,,,,,,,
20,"Calcium, Ca","Calcium, Ca",MG,41,30.55,,,,,,,,,,,,,
20,"Calcium, Ca","Calcium, Ca",MG,32,35.56,,,,,,,,,,,,,
20,"Calcium, Ca","Calcium, Ca",MG,18,13.64,,,,,,,,,,,,,
20,"Calcium, Ca","Calcium, Ca",MG,8,9.105,,,,,,,,,,,,,
20,"Calcium, Ca","Calcium, Ca",MG,9,8.058,,,,,,,,,,,,,
20,"Calcium, Ca","Calcium, Ca",MG,28,4.46,,,,,,,,,,,,,
13,"Calcium, Ca","Calcium, Ca",MG,12,7.135,,,,,,,,,,,,,
13,"Calcium, Ca","Calcium, Ca",MG,18,6.889,,,,,,,,,,,,,
10,"Calcium, Ca","Calcium, Ca",MG,14,5.857,,,,,,,,,,,,,
5,"Calcium, Ca","Calcium, Ca",MG,6,5.819,,,,,,,,,,,,,
5,"Calcium, Ca","Calcium, Ca",MG,21,23.63,,,,,,,,,,,,,
12,"Calcium, Ca","Calcium, Ca",MG,37,41.95,,,,,,,,,,,,,
12,"Calcium, Ca","Calcium, Ca",MG,114,134.7,,,,,,,,,,,,,
16,"Calcium, Ca","Calcium, Ca",MG,92,49.13,,,,,,,,,,,,,
12,"Calcium, Ca","Calcium, Ca",MG,85,52.71,,,,,,,,,,,,,
12,"Calcium, Ca","Calcium, Ca",MG,105,117.4,,,,,,,,,,,,,
12,"Calcium, Ca","Calcium, Ca",MG,78,115.6,,,,,,,,,,,,,
16,"Calcium, Ca","Calcium, Ca",MG,57,111.1,,,,,,,,,,,,,
16,"Calcium, Ca","Calcium, Ca",MG,35,61.85,,,,,,,,,,,,,
16,"Calcium, Ca","Calcium, Ca",MG,110,71.4,,,,,,,,,,,,,
16,"Calcium, Ca","Calcium, Ca",MG,35,43.31,,,,,,,,,,,,,
16,"Calcium, Ca","Calcium, Ca",MG,47,63.91,,,,,,,,,,,,,
16,"Calcium, Ca","Calcium, Ca",MG,43,40.48,,,,,,,,,,,,,
16,"Calcium, Ca","Calcium, Ca",MG,58,56.94,,,,,,,,,,,,,
16,"Calcium, Ca","Calcium, Ca",MG,58,60.25,,,,,,,,,,,,,
11,"Calcium, Ca","Calcium, Ca",MG,24,28.21,,,,,,,,,,,,,
16,"Calcium, Ca","Calcium, Ca",MG,64,55.23,,,,,,,,,,,,,
16,"Calcium, Ca","Calcium, Ca",MG,20,27.78,,,,,,,,,,,,,
16,"Calcium, Ca","Calcium, Ca",MG,53,67.16,,,,,,,,,,,,,
10,"Calcium, Ca","Calcium, Ca",MG,7,4.111,,,,,,,,,,,,,
10,"Calcium, Ca","Calcium, Ca",MG,6,4.528,,,,,,,,,,,,,
5,"Calcium, Ca","Calcium, Ca",MG,5,3.939,,,,,,,,,,,,,
5,"Calcium, Ca","Calcium, Ca",MG,7,5.65,,,,,,,,,,,,,
13,"Calcium, Ca","Calcium, Ca",MG,6,4.173,,,,,,,,,,,,,
13,"Calcium, Ca","Calcium, Ca",MG,13,4.07,,,,,,,,,,,,,
13,"Calcium, Ca","Calcium, Ca",MG,12,4.576,,,,,,,,,,,,,
13,"Calcium, Ca","Calcium, Ca",MG,27,3.836,,,,,,,,,,,,,
1,"Calcium, Ca","Calcium, Ca",MG,199,167.4,,,,,,,,,,,,,
1,"Calcium, Ca","Calcium, Ca",MG,746,714.6,,,,,,,,,,,,,
1,"Calcium, Ca","Calcium, Ca",MG,1375,1498,,,,,,,,,,,,,
1,"Calcium, Ca","Calcium, Ca",MG,756,748.8,,,,,,,,,,,,,
1,"Calcium, Ca","Calcium, Ca",MG,566,601.8,,,,,,,,,,,,,
1,"Calcium, Ca","Calcium, Ca",MG,800,699.6,,,,,,,,,,,,,
1,"Iron, Fe","Iron, Fe",MG,0.03,0,,,,,,,,,,,,,
1,"Iron, Fe","Iron, Fe",MG,0.03,0,,,,,,,,,,,,,
1,"Iron, Fe","Iron, Fe",MG,0.02,0,,,,,,,,,,,,,
1,"Iron, Fe","Iron, Fe",MG,0.63,0.48,,,,,,,,,,,,,
1,"Iron, Fe","Iron, Fe",MG,0.03,0,,,,,,,,,,,,,
1,"Iron, Fe","Iron, Fe",MG,0.03,0,,,,,,,,,,,,,
1,"Iron, Fe","Iron, Fe",MG,0.02,0,,,,,,,,,,,,,
1,"Iron, Fe","Iron, Fe",MG,0.03,0,,,,,,,,,,,,,
1,"Iron, Fe","Iron, Fe",MG,0.95,1.303,,,,,,,,,,,,,
16,"Iron, Fe","Iron, Fe",MG,0.46,0.5416,,,,,,,,,,,,,
16,"Iron, Fe","Iron, Fe",MG,2.44,2.41,,,,,,,,,,,,,
11,"Iron, Fe","Iron, Fe",MG,0.89,0.78,,,,,,,,,,,,,
12,"Iron, Fe","Iron, Fe",MG,3.73,3.17,,,,,,,,,,,,,
11,"Iron, Fe","Iron, Fe",MG,1.47,1.6,,,,,,,,,,,,,
1,"Iron, Fe","Iron, Fe",MG,1.74,1.77,,,,,,,,,,,,,
1,"Iron, Fe","Iron, Fe",MG,0.04,0.18,,,,,,,,,,,,,
1,"Iron, Fe","Iron, Fe",MG,0.15,0,,,,,,,,,,,,,
11,"Iron, Fe","Iron, Fe",MG,1.25,1.14,,,,,,,,,,,,,
11,"Iron, Fe","Iron, Fe",MG,0.26,0.23,,,,,,,,,,,,,
1,"Iron, Fe","Iron, Fe",MG,0.49,0.45,,,,,,,,,,,,,
1,"Iron, Fe","Iron, Fe",MG,0.63,0.48,,,,,,,,,,,,,
9,"Iron, Fe","Iron, Fe",MG,0.11,0.07,,,,,,,,,,,,,
12,"Iron, Fe","Iron, Fe",MG,3.8,5.21,,,,,,,,,,,,,
18,"Iron, Fe","Iron, Fe",MG,3.61,3.36,,,,,,,,,,,,,
2,"Iron, Fe","Iron, Fe",MG,1.61,1.59,,,,,,,,,,,,,
9,"Iron, Fe","Iron, Fe",MG,0.31,0.24,,,,,,,,,,,,,
9,"Iron, Fe","Iron, Fe",MG,0.28,0.3,,,,,,,,,,,,,
1,"Iron, Fe","Iron, Fe",MG,0.14,0.16,,,,,,,,,,,,,
1,"Iron, Fe","Iron, Fe",MG,0.13,0.13,,,,,,,,,,,,,
1,"Iron, Fe","Iron, Fe",MG,0.22,0.2,,,,,,,,,,,,,
1,"Iron, Fe","Iron, Fe",MG,7.2,6.97,,,,,,,,,,,,,
1,"Iron, Fe","Iron, Fe",MG,4.55,4.13,,,,,,,,,,,,,
1,"Iron, Fe","Iron, Fe",MG,9.56,9.28,,,,,,,,,,,,,
1,"Iron, Fe","Iron, Fe",MG,0.07,0.07,,,,,,,,,,,,,
1,"Iron, Fe","Iron, Fe",MG,0.09,0.09,,,,,,,,,,,,,
7,"Iron, Fe","Iron, Fe",MG,0.59,0.58,,,,,,,,,,,,,
1,"Iron, Fe","Iron, Fe",MG,0.38,0.1,,,,,,,,,,,,,
1,"Iron, Fe","Iron, Fe",MG,0.03,0,,,,,,,,,,,,,
2,"Iron, Fe","Iron, Fe",MG,0.33,0,,,,,,,,,,,,,
1,"Iron, Fe","Iron, Fe",MG,0.03,0,,,,,,,,,,,,,
1,"Iron, Fe","Iron, Fe",MG,0.02,0,,,,,,,,,,,,,
7,"Iron, Fe","Iron, Fe",MG,1.53,1.55,,,,,,,,,,,,,
7,"Iron, Fe","Iron, Fe",MG,1.43,1.29,,,,,,,,,,,,,
1,"Iron, Fe","Iron, Fe",MG,0.03,0,,,,,,,,,,,,,
7,"Iron, Fe","Iron, Fe",MG,1.07,1.17,,,,,,,,,,,,,
11,"Iron, Fe","Iron, Fe",MG,0.73,0.69,,,,,,,,,,,,,
1,"Iron, Fe","Iron, Fe",MG,1.75,1.67,,,,,,,,,,,,,
1,"Iron, Fe","Iron, Fe",MG,0.02,0.03,,,,,,,,,,,,,
20,"Iron, Fe","Iron, Fe",MG,4.64,5.62,,,,,,,,,,,,,
20,"Iron, Fe","Iron, Fe",MG,4.64,5.41,,,,,,,,,,,,,
20,"Iron, Fe","Iron, Fe",MG,1.17,1.18,,,,,,,,,,,,,
20,"Iron, Fe","Iron, Fe",MG,3.6,3.86,,,,,,,,,,,,,
20,"Iron, Fe","Iron, Fe",MG,4.41,5.55,,,,,,,,,,,,,
20,"Iron, Fe","Iron, Fe",MG,0.35,0.22,,,,,,,,,,,,,
1,"Iron, Fe","Iron, Fe",MG,0.02,0.06,,,,,,,,,,,,,
16,"Iron, Fe","Iron, Fe",MG,9.24,7.34,,,,,,,,,,,,,
16,"Iron, Fe","Iron, Fe",MG,6.37,9.51,,,,,,,,,,,,,
20,"Iron, Fe","Iron, Fe",MG,1.98,1.5,,,,,,,,,,,,,
9,"Iron, Fe","Iron, Fe",MG,0.26,0,,,,,,,,,,,,,
9,"Iron, Fe","Iron, Fe",MG,0.11,0,,,,,,,,,,,,,
9,"Iron, Fe","Iron, Fe",MG,0.1,0.015,,,,,,,,,,,,,
9,"Iron, Fe","Iron, Fe",MG,0.12,0.06013,,,,,,,,,,,,,
9,"Iron, Fe","Iron, Fe",MG,0.15,0.06963,,,,,,,,,,,,,
9,"Iron, Fe","Iron, Fe",MG,0.13,0,,,,,,,,,,,,,
11,"Iron, Fe","Iron, Fe",MG,1.33,0.6981,,,,,,,,,,,,,
11,"Iron, Fe","Iron, Fe",MG,0.41,0.1443,,,,,,,,,,,,,
11,"Iron, Fe","Iron, Fe",MG,0.5,0.2267,,,,,,,,,,,,,
16,"Iron, Fe","Iron, Fe",MG,0.46,0.5416,,,,,,,,,,,,,
14,"Iron, Fe","Iron, Fe",MG,0.35,0.2899,,,,,,,,,,,,,
11,"Iron, Fe","Iron, Fe",MG,2.71,1.054,,,,,,,,,,,,,
20,"Iron, Fe","Iron, Fe",MG,4.44,3.769,,,,,,,,,,,,,
9,"Iron, Fe","Iron, Fe",MG,0.12,0.04016,,,,,,,,,,,,,
9,"Iron, Fe","Iron, Fe",MG,0.13,0.06458,,,,,,,,,,,,,
9,"Iron, Fe","Iron, Fe",MG,0.25,0.04092,,,,,,,,,,,,,
9,"Iron, Fe","Iron, Fe",MG,0.25,0.1257,,,,,,,,,,,,,
11,"Iron, Fe","Iron, Fe",MG,0.39,0.2988,,,,,,,,,,,,,
9,"Iron, Fe","Iron, Fe",MG,0.2,0.07061,,,,,,,,,,,,,
11,"Iron, Fe","Iron, Fe",MG,0.4,0.139,,,,,,,,,,,,,
11,"Iron, Fe","Iron, Fe",MG,1.15,1.275,,,,,,,,,,,,,
11,"Iron, Fe","Iron, Fe",MG,0.4,0.3115,,,,,,,,,,,,,
11,"Iron, Fe","Iron, Fe",MG,0.3,0.2089,,,,,,,,,,,,,
11,"Iron, Fe","Iron, Fe",MG,0.3,0.1504,,,,,,,,,,,,,
11,"Iron, Fe","Iron, Fe",MG,0.89,0.088,,,,,,,,,,,,,
11,"Iron, Fe","Iron, Fe",MG,0.34,0.1861,,,,,,,,,,,,,
11,"Iron, Fe","Iron, Fe",MG,0.46,0.3596,,,,,,,,,,,,,
11,"Iron, Fe","Iron, Fe",MG,0.43,0.3533,,,,,,,,,,,,,
1,"Iron, Fe","Iron, Fe",MG,0.05,0.01325,,,,,,,,,,,,,
1,"Iron, Fe","Iron, Fe",MG,0.05,0,,,,,,,,,,,,,
1,"Iron, Fe","Iron, Fe",MG,0,0,,,,,,,,,,,,,
1,"Iron, Fe","Iron, Fe",MG,0.65,0.0675,,,,,,,,,,,,,
11,"Iron, Fe","Iron, Fe",MG,1.38,11.97,,,,,,,,,,,,,
16,"Iron, Fe","Iron, Fe",MG,1.74,1.853,,,,,,,,,,,,,
12,"Iron, Fe","Iron, Fe",MG,3.49,4.108,,,,,,,,,,,,,
12,"Iron, Fe","Iron, Fe",MG,5.73,5.778,,,,,,,,,,,,,
1,"Iron, Fe","Iron, Fe",MG,0.07,0,,,,,,,,,,,,,
1,"Iron, Fe","Iron, Fe",MG,0.11,0,,,,,,,,,,,,,
1,"Iron, Fe","Iron, Fe",MG,0.1,0,,,,,,,,,,,,,
1,"Iron, Fe","Iron, Fe",MG,0.07,0,,,,,,,,,,,,,
11,"Iron, Fe","Iron, Fe",MG,0.41,0.03325,,,,,,,,,,,,,
11,"Iron, Fe","Iron, Fe",MG,1.2,0.4023,,,,,,,,,,,,,
11,"Iron, Fe","Iron, Fe",MG,0.86,0.3195,,,,,,,,,,,,,
12,"Iron, Fe","Iron, Fe",MG,5.53,5.36,,,,,,,,,,,,,
12,"Iron, Fe","Iron, Fe",MG,3.71,3.741,,,,,,,,,,,,,
12,"Iron, Fe","Iron, Fe",MG,2.91,2.235,,,,,,,,,,,,,
12,"Iron, Fe","Iron, Fe",MG,2.53,2.371,,,,,,,,,,,,,
20,"Iron, Fe","Iron, Fe",MG,4.72,4.339,,,,,,,,,,,,,
9,"Iron, Fe","Iron, Fe",MG,0.29,0.054,,,,,,,,,,,,,
9,"Iron, Fe","Iron, Fe",MG,0.36,0.1054,,,,,,,,,,,,,
11,"Iron, Fe","Iron, Fe",MG,1.03,0.6516,,,,,,,,,,,,,
11,"Iron, Fe","Iron, Fe",MG,0.2,0,,,,,,,,,,,,,
11,"Iron, Fe","Iron, Fe",MG,0.28,0,,,,,,,,,,,,,
11,"Iron, Fe","Iron, Fe",MG,0.47,0.06625,,,,,,,,,,,,,
11,"Iron, Fe","Iron, Fe",MG,0.8,0,,,,,,,,,,,,,
9,"Iron, Fe","Iron, Fe",MG,0.41,0.255,,,,,,,,,,,,,
9,"Iron, Fe","Iron, Fe",MG,0.69,0.4501,,,,,,,,,,,,,
9,"Iron, Fe","Iron, Fe",MG,0.28,0.3398,,,,,,,,,,,,,
9,"Iron, Fe","Iron, Fe",MG,0.23,0.04475,,,,,,,,,,,,,
20,"Iron, Fe","Iron, Fe",MG,4.06,3.84,,,,,,,,,,,,,
20,"Iron, Fe","Iron, Fe",MG,2.68,3.301,,,,,,,,,,,,,
20,"Iron, Fe","Iron, Fe",MG,2.2,2.444,,,,,,,,,,,,,
20,"Iron, Fe","Iron, Fe",MG,3.01,2.534,,,,,,,,,,,,,
20,"Iron, Fe","Iron, Fe",MG,1.29,1.242,,,,,,,,,,,,,
20,"Iron, Fe","Iron, Fe",MG,0.8,0.1405,,,,,,,,,,,,,
13,"Iron, Fe","Iron, Fe",MG,2.24,2.128,,,,,,,,,,,,,
13,"Iron, Fe","Iron, Fe",MG,1.94,1.965,,,,,,,,,,,,,
10,"Iron, Fe","Iron, Fe",MG,0.88,0.7876,,,,,,,,,,,,,
5,"Iron, Fe","Iron, Fe",MG,0.82,0.5926,,,,,,,,,,,,,
5,"Iron, Fe","Iron, Fe",MG,1.17,1.087,,,,,,,,,,,,,
12,"Iron, Fe","Iron, Fe",MG,6.68,5.988,,,,,,,,,,,,,
12,"Iron, Fe","Iron, Fe",MG,4.7,3.465,,,,,,,,,,,,,
16,"Iron, Fe","Iron, Fe",MG,4.58,1.554,,,,,,,,,,,,,
12,"Iron, Fe","Iron, Fe",MG,3.69,1.881,,,,,,,,,,,,,
12,"Iron, Fe","Iron, Fe",MG,3.92,3.456,,,,,,,,,,,,,
12,"Iron, Fe","Iron, Fe",MG,5.25,4.37,,,,,,,,,,,,,
16,"Iron, Fe","Iron, Fe",MG,4.31,5.094,,,,,,,,,,,,,
16,"Iron, Fe","Iron, Fe",MG,6.51,7.158,,,,,,,,,,,,,
16,"Iron, Fe","Iron, Fe",MG,8.27,5.93,,,,,,,,,,,,,
16,"Iron, Fe","Iron, Fe",MG,1.9,1.688,,,,,,,,,,,,,
16,"Iron, Fe","Iron, Fe",MG,1.85,1.599,,,,,,,,,,,,,
16,"Iron, Fe","Iron, Fe",MG,0.98,1.042,,,,,,,,,,,,,
16,"Iron, Fe","Iron, Fe",MG,1.5,1.439,,,,,,,,,,,,,
16,"Iron, Fe","Iron, Fe",MG,1.5,1.305,,,,,,,,,,,,,
11,"Iron, Fe","Iron, Fe",MG,1.09,1.139,,,,,,,,,,,,,
16,"Iron, Fe","Iron, Fe",MG,1.27,1.284,,,,,,,,,,,,,
16,"Iron, Fe","Iron, Fe",MG,0.97,1.084,,,,,,,,,,,,,
16,"Iron, Fe","Iron, Fe",MG,1.57,1.382,,,,,,,,,,,,,
10,"Iron, Fe","Iron, Fe",MG,0.53,0.4519,,,,,,,,,,,,,
10,"Iron, Fe","Iron, Fe",MG,0.97,0.9293,,,,,,,,,,,,,
5,"Iron, Fe","Iron, Fe",MG,0.37,0.3543,,,,,,,,,,,,,
5,"Iron, Fe","Iron, Fe",MG,0.81,0.6018,,,,,,,,,,,,,
13,"Iron, Fe","Iron, Fe",MG,2.64,1.641,,,,,,,,,,,,,
13,"Iron, Fe","Iron, Fe",MG,2.35,1.901,,,,,,,,,,,,,
13,"Iron, Fe","Iron, Fe",MG,2.13,2.059,,,,,,,,,,,,,
13,"Iron, Fe","Iron, Fe",MG,1.55,1.834,,,,,,,,,,,,,
1,"Iron, Fe","Iron, Fe",MG,0.09,0,,,,,,,,,,,,,
1,"Iron, Fe","Iron, Fe",MG,0.72,0,,,,,,,,,,,,,
1,"Iron, Fe","Iron, Fe",MG,0.95,1.303,,,,,,,,,,,,,
1,"Iron, Fe","Iron, Fe",MG,0.52,0,,,,,,,,,,,,,
1,"Iron, Fe","Iron, Fe",MG,0.2,0,,,,,,,,,,,,,
1,"Iron, Fe","Iron, Fe",MG,0,0,,,,,,,,,,,,,
1,"Zinc, Zn","Zinc, Zn",MG,0.42,0.43,,,,,,,,,,,,,
1,"Zinc, Zn","Zinc, Zn",MG,0.42,0.45,,,,,,,,,,,,,
1,"Zinc, Zn","Zinc, Zn",MG,0.48,0.43,,,,,,,,,,,,,
1,"Zinc, Zn","Zinc, Zn",MG,2.49,2.42,,,,,,,,,,,,,
1,"Zinc, Zn","Zinc, Zn",MG,0.42,0.43,,,,,,,,,,,,,
1,"Zinc, Zn","Zinc, Zn",MG,0.42,0.45,,,,,,,,,,,,,
1,"Zinc, Zn","Zinc, Zn",MG,0.48,0.43,,,,,,,,,,,,,
1,"Zinc, Zn","Zinc, Zn",MG,0.37,0.42,,,,,,,,,,,,,
1,"Zinc, Zn","Zinc, Zn",MG,2.21,2.379,,,,,,,,,,,,,
16,"Zinc, Zn","Zinc, Zn",MG,1.83,1.38,,,,,,,,,,,,,
11,"Zinc, Zn","Zinc, Zn",MG,0.19,0.19,,,,,,,,,,,,,
12,"Zinc, Zn","Zinc, Zn",MG,3.31,2.8,,,,,,,,,,,,,
11,"Zinc, Zn","Zinc, Zn",MG,0.56,0.39,,,,,,,,,,,,,
1,"Zinc, Zn","Zinc, Zn",MG,1.32,1.2,,,,,,,,,,,,,
1,"Zinc, Zn","Zinc, Zn",MG,0.07,0.02,,,,,,,,,,,,,
1,"Zinc, Zn","Zinc, Zn",MG,0.1,0.43,,,,,,,,,,,,,
11,"Zinc, Zn","Zinc, Zn",MG,0.42,0.59,,,,,,,,,,,,,
11,"Zinc, Zn","Zinc, Zn",MG,0.1,0.11,,,,,,,,,,,,,
1,"Zinc, Zn","Zinc, Zn",MG,4.2,4.33,,,,,,,,,,,,,
1,"Zinc, Zn","Zinc, Zn",MG,2.49,2.42,,,,,,,,,,,,,
9,"Zinc, Zn","Zinc, Zn",MG,0.08,0.04,,,,,,,,,,,,,
12,"Zinc, Zn","Zinc, Zn",MG,5.29,6,,,,,,,,,,,,,
18,"Zinc, Zn","Zinc, Zn",MG,0.74,0.88,,,,,,,,,,,,,
2,"Zinc, Zn","Zinc, Zn",MG,0.64,0.64,,,,,,,,,,,,,
9,"Zinc, Zn","Zinc, Zn",MG,0.14,0.14,,,,,,,,,,,,,
9,"Zinc, Zn","Zinc, Zn",MG,0.17,0.21,,,,,,,,,,,,,
1,"Zinc, Zn","Zinc, Zn",MG,3.64,3.67,,,,,,,,,,,,,
1,"Zinc, Zn","Zinc, Zn",MG,0.51,0.61,,,,,,,,,,,,,
1,"Zinc, Zn","Zinc, Zn",MG,3.62,3.62,,,,,,,,,,,,,
1,"Zinc, Zn","Zinc, Zn",MG,3.15,5.02,,,,,,,,,,,,,
1,"Zinc, Zn","Zinc, Zn",MG,3.17,2.93,,,,,,,,,,,,,
1,"Zinc, Zn","Zinc, Zn",MG,7.73,7.11,,,,,,,,,,,,,
1,"Zinc, Zn","Zinc, Zn",MG,0.52,0.53,,,,,,,,,,,,,
1,"Zinc, Zn","Zinc, Zn",MG,0.45,0.46,,,,,,,,,,,,,
7,"Zinc, Zn","Zinc, Zn",MG,1.51,1.52,,,,,,,,,,,,,
1,"Zinc, Zn","Zinc, Zn",MG,1.16,0.56,,,,,,,,,,,,,
1,"Zinc, Zn","Zinc, Zn",MG,0.42,0.43,,,,,,,,,,,,,
2,"Zinc, Zn","Zinc, Zn",MG,0.1,0,,,,,,,,,,,,,
1,"Zinc, Zn","Zinc, Zn",MG,0.42,0.45,,,,,,,,,,,,,
1,"Zinc, Zn","Zinc, Zn",MG,0.48,0.43,,,,,,,,,,,,,
7,"Zinc, Zn","Zinc, Zn",MG,2.92,2.14,,,,,,,,,,,,,
7,"Zinc, Zn","Zinc, Zn",MG,2.39,2.41,,,,,,,,,,,,,
1,"Zinc, Zn","Zinc, Zn",MG,0.37,0.42,,,,,,,,,,,,,
7,"Zinc, Zn","Zinc, Zn",MG,2.98,2.58,,,,,,,,,,,,,
11,"Zinc, Zn","Zinc, Zn",MG,0.41,0.42,,,,,,,,,,,,,
1,"Zinc, Zn","Zinc, Zn",MG,1.29,1.24,,,,,,,,,,,,,
1,"Zinc, Zn","Zinc, Zn",MG,0.09,0.07,,,,,,,,,,,,,
20,"Zinc, Zn","Zinc, Zn",MG,0.7,0.72,,,,,,,,,,,,,
20,"Zinc, Zn","Zinc, Zn",MG,0.7,0.9,,,,,,,,,,,,,
20,"Zinc, Zn","Zinc, Zn",MG,0.7,1.15,,,,,,,,,,,,,
20,"Zinc, Zn","Zinc, Zn",MG,2.6,3.24,,,,,,,,,,,,,
20,"Zinc, Zn","Zinc, Zn",MG,0.85,1.06,,,,,,,,,,,,,
20,"Zinc, Zn","Zinc, Zn",MG,0.8,1.19,,,,,,,,,,,,,
1,"Zinc, Zn","Zinc, Zn",MG,0.09,0.07,,,,,,,,,,,,,
16,"Zinc, Zn","Zinc, Zn",MG,2.46,4.44,,,,,,,,,,,,,
16,"Zinc, Zn","Zinc, Zn",MG,3.92,3.75,,,,,,,,,,,,,
20,"Zinc, Zn","Zinc, Zn",MG,2.45,1.91,,,,,,,,,,,,,
9,"Zinc, Zn","Zinc, Zn",MG,0.15,0.16,,,,,,,,,,,,,
9,"Zinc, Zn","Zinc, Zn",MG,0.04,0.01964,,,,,,,,,,,,,
9,"Zinc, Zn","Zinc, Zn",MG,0.04,0.01676,,,,,,,,,,,,,
9,"Zinc, Zn","Zinc, Zn",MG,0.05,0.02349,,,,,,,,,,,,,
9,"Zinc, Zn","Zinc, Zn",MG,0.04,0.02276,,,,,,,,,,,,,
9,"Zinc, Zn","Zinc, Zn",MG,0.04,0.01828,,,,,,,,,,,,,
11,"Zinc, Zn","Zinc, Zn",MG,0.77,0.6843,,,,,,,,,,,,,
11,"Zinc, Zn","Zinc, Zn",MG,1.03,0.7641,,,,,,,,,,,,,
11,"Zinc, Zn","Zinc, Zn",MG,0.52,0.511,,,,,,,,,,,,,
14,"Zinc, Zn","Zinc, Zn",MG,0.07,0.1718,,,,,,,,,,,,,
11,"Zinc, Zn","Zinc, Zn",MG,0.53,0.4229,,,,,,,,,,,,,
20,"Zinc, Zn","Zinc, Zn",MG,3.28,3.591,,,,,,,,,,,,,
9,"Zinc, Zn","Zinc, Zn",MG,0.02,0.002125,,,,,,,,,,,,,
9,"Zinc, Zn","Zinc, Zn",MG,0.07,0.03189,,,,,,,,,,,,,
9,"Zinc, Zn","Zinc, Zn",MG,0.07,0.0571,,,,,,,,,,,,,
9,"Zinc, Zn","Zinc, Zn",MG,0.1,0.0412,,,,,,,,,,,,,
11,"Zinc, Zn","Zinc, Zn",MG,0.11,0.104,,,,,,,,,,,,,
9,"Zinc, Zn","Zinc, Zn",MG,0.05,0.03206,,,,,,,,,,,,,
11,"Zinc, Zn","Zinc, Zn",MG,0.65,0.3888,,,,,,,,,,,,,
11,"Zinc, Zn","Zinc, Zn",MG,0.65,0.4815,,,,,,,,,,,,,
11,"Zinc, Zn","Zinc, Zn",MG,1.1,0.5123,,,,,,,,,,,,,
11,"Zinc, Zn","Zinc, Zn",MG,0.75,0.7629,,,,,,,,,,,,,
11,"Zinc, Zn","Zinc, Zn",MG,0.24,0.2364,,,,,,,,,,,,,
11,"Zinc, Zn","Zinc, Zn",MG,0.17,0.1597,,,,,,,,,,,,,
11,"Zinc, Zn","Zinc, Zn",MG,0.13,0.1256,,,,,,,,,,,,,
11,"Zinc, Zn","Zinc, Zn",MG,0.17,0.193,,,,,,,,,,,,,
11,"Zinc, Zn","Zinc, Zn",MG,0.25,0.2023,,,,,,,,,,,,,
1,"Zinc, Zn","Zinc, Zn",MG,0.42,0.4263,,,,,,,,,,,,,
1,"Zinc, Zn","Zinc, Zn",MG,0.59,0.4283,,,,,,,,,,,,,
1,"Zinc, Zn","Zinc, Zn",MG,0.52,0.473,,,,,,,,,,,,,
1,"Zinc, Zn","Zinc, Zn",MG,2.88,2.353,,,,,,,,,,,,,
11,"Zinc, Zn","Zinc, Zn",MG,0.54,0.9002,,,,,,,,,,,,,
16,"Zinc, Zn","Zinc, Zn",MG,2.51,3.062,,,,,,,,,,,,,
12,"Zinc, Zn","Zinc, Zn",MG,3.29,3.178,,,,,,,,,,,,,
12,"Zinc, Zn","Zinc, Zn",MG,4.34,4.738,,,,,,,,,,,,,
1,"Zinc, Zn","Zinc, Zn",MG,0.4,0.4538,,,,,,,,,,,,,
1,"Zinc, Zn","Zinc, Zn",MG,0.5,0.5891,,,,,,,,,,,,,
1,"Zinc, Zn","Zinc, Zn",MG,0.24,0.2231,,,,,,,,,,,,,
1,"Zinc, Zn","Zinc, Zn",MG,0.33,0.3919,,,,,,,,,,,,,
11,"Zinc, Zn","Zinc, Zn",MG,0.15,0.1728,,,,,,,,,,,,,
11,"Zinc, Zn","Zinc, Zn",MG,0.2,0.3033,,,,,,,,,,,,,
11,"Zinc, Zn","Zinc, Zn",MG,0.18,0.3103,,,,,,,,,,,,,
12,"Zinc, Zn","Zinc, Zn",MG,6.45,5.713,,,,,,,,,,,,,
12,"Zinc, Zn","Zinc, Zn",MG,3.12,2.865,,,,,,,,,,,,,
12,"Zinc, Zn","Zinc, Zn",MG,3.09,2.76,,,,,,,,,,,,,
12,"Zinc, Zn","Zinc, Zn",MG,4.53,3.93,,,,,,,,,,,,,
20,"Zinc, Zn","Zinc, Zn",MG,3.97,2.744,,,,,,,,,,,,,
9,"Zinc, Zn","Zinc, Zn",MG,0.12,0.1067,,,,,,,,,,,,,
9,"Zinc, Zn","Zinc, Zn",MG,0.07,0.06446,,,,,,,,,,,,,
11,"Zinc, Zn","Zinc, Zn",MG,0.24,0.3498,,,,,,,,,,,,,
11,"Zinc, Zn","Zinc, Zn",MG,0.13,0.0929,,,,,,,,,,,,,
11,"Zinc, Zn","Zinc, Zn",MG,0.2,0.204,,,,,,,,,,,,,
11,"Zinc, Zn","Zinc, Zn",MG,0.18,0.2112,,,,,,,,,,,,,
11,"Zinc, Zn","Zinc, Zn",MG,0.22,0.245,,,,,,,,,,,,,
9,"Zinc, Zn","Zinc, Zn",MG,0.14,0.114,,,,,,,,,,,,,
9,"Zinc, Zn","Zinc, Zn",MG,0.42,0.2213,,,,,,,,,,,,,
9,"Zinc, Zn","Zinc, Zn",MG,0.16,0.08534,,,,,,,,,,,,,
9,"Zinc, Zn","Zinc, Zn",MG,0.03,0.002625,,,,,,,,,,,,,
20,"Zinc, Zn","Zinc, Zn",MG,3.12,1.755,,,,,,,,,,,,,
20,"Zinc, Zn","Zinc, Zn",MG,2,2.144,,,,,,,,,,,,,
20,"Zinc, Zn","Zinc, Zn",MG,2.4,2.236,,,,,,,,,,,,,
20,"Zinc, Zn","Zinc, Zn",MG,1.68,2.258,,,,,,,,,,,,,
20,"Zinc, Zn","Zinc, Zn",MG,2.13,1.854,,,,,,,,,,,,,
20,"Zinc, Zn","Zinc, Zn",MG,1.09,1.354,,,,,,,,,,,,,
13,"Zinc, Zn","Zinc, Zn",MG,4.79,4.194,,,,,,,,,,,,,
13,"Zinc, Zn","Zinc, Zn",MG,4.18,3.848,,,,,,,,,,,,,
10,"Zinc, Zn","Zinc, Zn",MG,2.2,2.226,,,,,,,,,,,,,
5,"Zinc, Zn","Zinc, Zn",MG,1.47,1.177,,,,,,,,,,,,,
5,"Zinc, Zn","Zinc, Zn",MG,2.53,2.95,,,,,,,,,,,,,
12,"Zinc, Zn","Zinc, Zn",MG,5.78,5.071,,,,,,,,,,,,,
12,"Zinc, Zn","Zinc, Zn",MG,2.45,2.334,,,,,,,,,,,,,
16,"Zinc, Zn","Zinc, Zn",MG,3.27,2.78,,,,,,,,,,,,,
12,"Zinc, Zn","Zinc, Zn",MG,1.3,1.2,,,,,,,,,,,,,
12,"Zinc, Zn","Zinc, Zn",MG,2.2,2.176,,,,,,,,,,,,,
12,"Zinc, Zn","Zinc, Zn",MG,5,5.578,,,,,,,,,,,,,
16,"Zinc, Zn","Zinc, Zn",MG,2.76,3.124,,,,,,,,,,,,,
16,"Zinc, Zn","Zinc, Zn",MG,3.27,3.863,,,,,,,,,,,,,
16,"Zinc, Zn","Zinc, Zn",MG,3.37,3.654,,,,,,,,,,,,,
16,"Zinc, Zn","Zinc, Zn",MG,0.54,0.7399,,,,,,,,,,,,,
16,"Zinc, Zn","Zinc, Zn",MG,0.77,0.6313,,,,,,,,,,,,,
16,"Zinc, Zn","Zinc, Zn",MG,0.59,0.7243,,,,,,,,,,,,,
16,"Zinc, Zn","Zinc, Zn",MG,0.74,0.56,,,,,,,,,,,,,
16,"Zinc, Zn","Zinc, Zn",MG,0.74,0.526,,,,,,,,,,,,,
11,"Zinc, Zn","Zinc, Zn",MG,0.68,0.712,,,,,,,,,,,,,
16,"Zinc, Zn","Zinc, Zn",MG,0.59,0.6248,,,,,,,,,,,,,
16,"Zinc, Zn","Zinc, Zn",MG,0.7,0.655,,,,,,,,,,,,,
16,"Zinc, Zn","Zinc, Zn",MG,0.65,0.6349,,,,,,,,,,,,,
10,"Zinc, Zn","Zinc, Zn",MG,1.73,1.57,,,,,,,,,,,,,
10,"Zinc, Zn","Zinc, Zn",MG,1.87,1.773,,,,,,,,,,,,,
5,"Zinc, Zn","Zinc, Zn",MG,0.68,0.6545,,,,,,,,,,,,,
5,"Zinc, Zn","Zinc, Zn",MG,1.58,1.348,,,,,,,,,,,,,
13,"Zinc, Zn","Zinc, Zn",MG,7.8,4.063,,,,,,,,,,,,,
13,"Zinc, Zn","Zinc, Zn",MG,3.76,3.778,,,,,,,,,,,,,
13,"Zinc, Zn","Zinc, Zn",MG,6.99,5.386,,,,,,,,,,,,,
13,"Zinc, Zn","Zinc, Zn",MG,3.81,5.563,,,,,,,,,,,,,
1,"Zinc, Zn","Zinc, Zn",MG,0.97,0.5989,,,,,,,,,,,,,
1,"Zinc, Zn","Zinc, Zn",MG,3,3.785,,,,,,,,,,,,,
1,"Zinc, Zn","Zinc, Zn",MG,2.21,2.379,,,,,,,,,,,,,
1,"Zinc, Zn","Zinc, Zn",MG,3.23,3.89,,,,,,,,,,,,,
1,"Zinc, Zn","Zinc, Zn",MG,2.58,2.908,,,,,,,,,,,,,
1,"Zinc, Zn","Zinc, Zn",MG,3.87,3.597,,,,,,,,,,,,,
