food_category_id,FF Food description,SR Food description,Unit,SR Mean per 100g,FF Mean per 100g,SReachcat_x,SReachcat_y
12,"Vitamin A, RAE","Vitamin A, RAE",G,0.0,2e-06,0.0,3e-06
11,"Vitamin A, RAE","Vitamin A, RAE",G,0.0005,0.000241,0.0011920000000000001,0.000607
11,"Vitamin A, RAE","Vitamin A, RAE",G,6e-06,4e-06,0.0011920000000000001,0.000607
1,"Vitamin A, RAE","Vitamin A, RAE",G,0.000262,0.000228,0.003882,0.004036
1,"Vitamin A, RAE","Vitamin A, RAE",G,0.000317,0.0003,0.003882,0.004036
12,"Vitamin A, RAE","Vitamin A, RAE",G,0.0,1e-06,0.0,3e-06
2,"Vitamin A, RAE","Vitamin A, RAE",G,5e-06,4e-06,5e-06,4e-06
9,"Vitamin A, RAE","Vitamin A, RAE",G,4e-06,4e-06,2.4e-05,2.6e-05
9,"Vitamin A, RAE","Vitamin A, RAE",G,1.7e-05,2.1e-05,2.4e-05,2.6e-05
1,"Vitamin A, RAE","Vitamin A, RAE",G,0.00033,0.000316,0.003882,0.004036
1,"Vitamin A, RAE","Vitamin A, RAE",G,6.8e-05,6.9e-05,0.003882,0.004036
1,"Vitamin A, RAE","Vitamin A, RAE",G,0.000223,0.000203,0.003882,0.004036
1,"Vitamin A, RAE","Vitamin A, RAE",G,1e-06,1e-06,0.003882,0.004036
1,"Vitamin A, RAE","Vitamin A, RAE",G,0.0,0.0,0.003882,0.004036
1,"Vitamin A, RAE","Vitamin A, RAE",G,0.00012,0.000127,0.003882,0.004036
1,"Vitamin A, RAE","Vitamin A, RAE",G,5.8e-05,5.8e-05,0.003882,0.004036
1,"Vitamin A, RAE","Vitamin A, RAE",G,6.1e-05,6.4e-05,0.003882,0.004036
1,"Vitamin A, RAE","Vitamin A, RAE",G,5.5e-05,8.3e-05,0.003882,0.004036
7,"Vitamin A, RAE","Vitamin A, RAE",G,2.5e-05,1.8e-05,3.5000000000000004e-05,3.9999999999999996e-05
7,"Vitamin A, RAE","Vitamin A, RAE",G,1e-05,2.2e-05,3.5000000000000004e-05,3.9999999999999996e-05
1,"Vitamin A, RAE","Vitamin A, RAE",G,4.6e-05,3.2e-05,0.003882,0.004036
11,"Vitamin A, RAE","Vitamin A, RAE",G,3.1e-05,8e-06,0.0011920000000000001,0.000607
1,"Vitamin A, RAE","Vitamin A, RAE",G,0.00016,0.00018,0.003882,0.004036
1,"Vitamin A, RAE","Vitamin A, RAE",G,0.000684,0.000758,0.003882,0.004036
9,"Vitamin A, RAE","Vitamin A, RAE",G,3e-06,1e-06,2.4e-05,2.6e-05
14,"Vitamin A, RAE","Vitamin A, RAE",G,4.3e-05,4.14e-05,4.3e-05,4.14e-05
11,"Vitamin A, RAE","Vitamin A, RAE",G,0.000469,0.000306,0.0011920000000000001,0.000607
1,"Vitamin A, RAE","Vitamin A, RAE",G,0.000317,0.0003,0.003882,0.004036
1,"Vitamin A, RAE","Vitamin A, RAE",G,5.8e-05,5.8e-05,0.003882,0.004036
1,"Vitamin A, RAE","Vitamin A, RAE",G,6.1e-05,6.4e-05,0.003882,0.004036
1,"Vitamin A, RAE","Vitamin A, RAE",G,5.5e-05,8.3e-05,0.003882,0.004036
1,"Vitamin A, RAE","Vitamin A, RAE",G,4.6e-05,3.2e-05,0.003882,0.004036
1,Vitamin D3 (cholecalciferol),Vitamin D3 (cholecalciferol),G,1.2e-06,1.06e-06,5.71e-05,5.8142699999999995e-05
1,Vitamin D (D2 + D3),Vitamin D (D2 + D3),G,1.2e-06,1.06e-06,5.76e-05,5.8358e-05
1,Vitamin D3 (cholecalciferol),Vitamin D3 (cholecalciferol),G,1.2e-06,1.1e-06,5.71e-05,5.8142699999999995e-05
1,Vitamin D (D2 + D3),Vitamin D (D2 + D3),G,1.2e-06,1.1e-06,5.76e-05,5.8358e-05
1,Vitamin D3 (cholecalciferol),Vitamin D3 (cholecalciferol),G,1.2e-06,1.13e-06,5.71e-05,5.8142699999999995e-05
1,Vitamin D (D2 + D3),Vitamin D (D2 + D3),G,1.2e-06,1.13e-06,5.76e-05,5.8358e-05
1,Vitamin D3 (cholecalciferol),Vitamin D3 (cholecalciferol),G,2.6e-06,2.3e-06,5.71e-05,5.8142699999999995e-05
1,Vitamin D (D2 + D3),Vitamin D (D2 + D3),G,2.6e-06,2.3e-06,5.76e-05,5.8358e-05
1,Vitamin D2 (ergocalciferol),Vitamin D2 (ergocalciferol),G,0.0,0.0,0.0,0.0
1,Vitamin D (D2 + D3),Vitamin D (D2 + D3),G,0.0,0.0,5.76e-05,5.8358e-05
1,Vitamin D3 (cholecalciferol),Vitamin D3 (cholecalciferol),G,0.0,0.0,5.71e-05,5.8142699999999995e-05
1,Vitamin D2 (ergocalciferol),Vitamin D2 (ergocalciferol),G,0.0,0.0,0.0,0.0
1,Vitamin D (D2 + D3),Vitamin D (D2 + D3),G,0.0,0.0,5.76e-05,5.8358e-05
1,Vitamin D3 (cholecalciferol),Vitamin D3 (cholecalciferol),G,7.5e-06,7.5e-06,5.71e-05,5.8142699999999995e-05
1,Vitamin D (D2 + D3),Vitamin D (D2 + D3),G,7.5e-06,7.5e-06,5.76e-05,5.8358e-05
1,Vitamin D2 (ergocalciferol),Vitamin D2 (ergocalciferol),G,0.0,0.0,0.0,0.0
1,Vitamin D3 (cholecalciferol),Vitamin D3 (cholecalciferol),G,8.3e-06,9.7e-06,5.71e-05,5.8142699999999995e-05
1,Vitamin D (D2 + D3),Vitamin D (D2 + D3),G,8.3e-06,9.7e-06,5.76e-05,5.8358e-05
1,Vitamin D2 (ergocalciferol),Vitamin D2 (ergocalciferol),G,0.0,0.0,0.0,0.0
1,Vitamin D2 (ergocalciferol),Vitamin D2 (ergocalciferol),G,0.0,0.0,0.0,0.0
1,Vitamin D3 (cholecalciferol),Vitamin D3 (cholecalciferol),G,6e-06,5.8e-06,5.71e-05,5.8142699999999995e-05
1,Vitamin D (D2 + D3),Vitamin D (D2 + D3),G,6e-06,5.8e-06,5.76e-05,5.8358e-05
1,Vitamin D (D2 + D3),Vitamin D (D2 + D3),G,1.04e-05,1.57e-05,5.76e-05,5.8358e-05
1,Vitamin D3 (cholecalciferol),Vitamin D3 (cholecalciferol),G,1.04e-05,1.57e-05,5.71e-05,5.8142699999999995e-05
1,Vitamin D2 (ergocalciferol),Vitamin D2 (ergocalciferol),G,0.0,0.0,0.0,0.0
1,Vitamin D2 (ergocalciferol),Vitamin D2 (ergocalciferol),G,0.0,0.0,0.0,0.0
1,Vitamin D (D2 + D3),Vitamin D (D2 + D3),G,0.0,0.0,5.76e-05,5.8358e-05
1,Vitamin D3 (cholecalciferol),Vitamin D3 (cholecalciferol),G,0.0,0.0,5.71e-05,5.8142699999999995e-05
1,Vitamin D3 (cholecalciferol),Vitamin D3 (cholecalciferol),G,1e-06,1e-06,5.71e-05,5.8142699999999995e-05
1,Vitamin D2 (ergocalciferol),Vitamin D2 (ergocalciferol),G,0.0,0.0,0.0,0.0
1,Vitamin D (D2 + D3),Vitamin D (D2 + D3),G,1e-06,1e-06,5.76e-05,5.8358e-05
1,Vitamin D3 (cholecalciferol),Vitamin D3 (cholecalciferol),G,1.2e-06,1.06e-06,5.71e-05,5.8142699999999995e-05
1,Vitamin D (D2 + D3),Vitamin D (D2 + D3),G,1.2e-06,1.06e-06,5.76e-05,5.8358e-05
1,Vitamin D3 (cholecalciferol),Vitamin D3 (cholecalciferol),G,1.2e-06,1.1e-06,5.71e-05,5.8142699999999995e-05
1,Vitamin D (D2 + D3),Vitamin D (D2 + D3),G,1.2e-06,1.1e-06,5.76e-05,5.8358e-05
1,Vitamin D3 (cholecalciferol),Vitamin D3 (cholecalciferol),G,1.2e-06,1.13e-06,5.71e-05,5.8142699999999995e-05
1,Vitamin D (D2 + D3),Vitamin D (D2 + D3),G,1.2e-06,1.13e-06,5.76e-05,5.8358e-05
1,Vitamin D (D2 + D3),Vitamin D (D2 + D3),G,1.3e-06,9.6e-07,5.76e-05,5.8358e-05
1,Vitamin D3 (cholecalciferol),Vitamin D3 (cholecalciferol),G,1.3e-06,9.6e-07,5.71e-05,5.8142699999999995e-05
1,Vitamin D (D2 + D3),Vitamin D (D2 + D3),G,2e-06,2.46e-06,5.76e-05,5.8358e-05
1,Vitamin D3 (cholecalciferol),Vitamin D3 (cholecalciferol),G,2e-06,2.46e-06,5.71e-05,5.8142699999999995e-05
1,Vitamin D2 (ergocalciferol),Vitamin D2 (ergocalciferol),G,0.0,0.0,0.0,0.0
1,Vitamin D (D2 + D3),Vitamin D (D2 + D3),G,0.0,4e-07,5.76e-05,5.8358e-05
1,Vitamin D3 (cholecalciferol),Vitamin D3 (cholecalciferol),G,0.0,4e-07,5.71e-05,5.8142699999999995e-05
11,Vitamin D (D2 + D3),Vitamin D (D2 + D3),G,7e-07,4.06e-08,2.99e-05,1.7185e-06
11,Vitamin D2 (ergocalciferol),Vitamin D2 (ergocalciferol),G,7e-07,4.063e-08,2.99e-05,1.71455e-06
11,Vitamin D (D2 + D3),Vitamin D (D2 + D3),G,4e-07,5.62e-08,2.99e-05,1.7185e-06
11,Vitamin D2 (ergocalciferol),Vitamin D2 (ergocalciferol),G,4e-07,5.625e-08,2.99e-05,1.71455e-06
11,Vitamin D (D2 + D3),Vitamin D (D2 + D3),G,2e-07,2.17e-08,2.99e-05,1.7185e-06
11,Vitamin D2 (ergocalciferol),Vitamin D2 (ergocalciferol),G,2e-07,2.167e-08,2.99e-05,1.71455e-06
16,Vitamin D (D2 + D3),Vitamin D (D2 + D3),G,1.2e-06,6.81e-07,2.4e-06,1.362e-06
16,Vitamin D2 (ergocalciferol),Vitamin D2 (ergocalciferol),G,1.2e-06,6.814e-07,2.4e-06,1.3628e-06
14,Vitamin D (D2 + D3),Vitamin D (D2 + D3),G,1e-06,9.27e-07,1e-06,9.27e-07
14,Vitamin D3 (cholecalciferol),Vitamin D3 (cholecalciferol),G,1e-06,0.0,1e-06,0.0
11,Vitamin D (D2 + D3),Vitamin D (D2 + D3),G,3e-07,0.0,2.99e-05,1.7185e-06
11,Vitamin D2 (ergocalciferol),Vitamin D2 (ergocalciferol),G,3e-07,0.0,2.99e-05,1.71455e-06
11,Vitamin D (D2 + D3),Vitamin D (D2 + D3),G,1e-07,0.0,2.99e-05,1.7185e-06
11,Vitamin D2 (ergocalciferol),Vitamin D2 (ergocalciferol),G,1e-07,0.0,2.99e-05,1.71455e-06
11,Vitamin D (D2 + D3),Vitamin D (D2 + D3),G,1e-07,0.0,2.99e-05,1.7185e-06
11,Vitamin D2 (ergocalciferol),Vitamin D2 (ergocalciferol),G,1e-07,0.0,2.99e-05,1.71455e-06
11,Vitamin D (D2 + D3),Vitamin D (D2 + D3),G,2.81e-05,1.6e-06,2.99e-05,1.7185e-06
11,Vitamin D2 (ergocalciferol),Vitamin D2 (ergocalciferol),G,2.81e-05,1.596e-06,2.99e-05,1.71455e-06
1,Vitamin D (D2 + D3),Vitamin D (D2 + D3),G,0.0,5.43e-07,5.76e-05,5.8358e-05
1,Vitamin D3 (cholecalciferol),Vitamin D3 (cholecalciferol),G,0.0,5.434e-07,5.71e-05,5.8142699999999995e-05
1,Vitamin D (D2 + D3),Vitamin D (D2 + D3),G,1e-07,7.78e-07,5.76e-05,5.8358e-05
1,Vitamin D3 (cholecalciferol),Vitamin D3 (cholecalciferol),G,1e-07,7.783e-07,5.71e-05,5.8142699999999995e-05
1,Vitamin D (D2 + D3),Vitamin D (D2 + D3),G,0.0,0.0,5.76e-05,5.8358e-05
1,Vitamin D3 (cholecalciferol),Vitamin D3 (cholecalciferol),G,0.0,0.0,5.71e-05,5.8142699999999995e-05
1,Vitamin D2 (ergocalciferol),Vitamin D2 (ergocalciferol),G,0.0,0.0,0.0,0.0
1,Vitamin D (D2 + D3),Vitamin D (D2 + D3),G,4e-07,0.0,5.76e-05,5.8358e-05
1,Vitamin D3 (cholecalciferol),Vitamin D3 (cholecalciferol),G,4e-07,0.0,5.71e-05,5.8142699999999995e-05
1,Vitamin D (D2 + D3),Vitamin D (D2 + D3),G,0.0,2.17e-07,5.76e-05,5.8358e-05
1,Vitamin D (D2 + D3),Vitamin D (D2 + D3),G,6e-07,0.0,5.76e-05,5.8358e-05
1,Vitamin D3 (cholecalciferol),Vitamin D3 (cholecalciferol),G,6e-07,0.0,5.71e-05,5.8142699999999995e-05
1,Vitamin D (D2 + D3),Vitamin D (D2 + D3),G,6.5e-06,4.42e-06,5.76e-05,5.8358e-05
1,Vitamin D2 (ergocalciferol),Vitamin D2 (ergocalciferol),G,0.0,0.0,0.0,0.0
1,Vitamin D3 (cholecalciferol),Vitamin D3 (cholecalciferol),G,6.5e-06,4.421e-06,5.71e-05,5.8142699999999995e-05
1,Vitamin D (D2 + D3),Vitamin D (D2 + D3),G,5e-07,0.0,5.76e-05,5.8358e-05
1,Vitamin D3 (cholecalciferol),Vitamin D3 (cholecalciferol),G,5e-07,0.0,5.71e-05,5.8142699999999995e-05
1,Vitamin D (D2 + D3),Vitamin D (D2 + D3),G,2.7e-06,0.0,5.76e-05,5.8358e-05
1,Vitamin D3 (cholecalciferol),Vitamin D3 (cholecalciferol),G,2.7e-06,0.0,5.71e-05,5.8142699999999995e-05
1,Vitamin D (D2 + D3),Vitamin D (D2 + D3),G,5e-07,0.0,5.76e-05,5.8358e-05
16,Vitamin D (D2 + D3),Vitamin D (D2 + D3),G,1.2e-06,6.81e-07,2.4e-06,1.362e-06
16,Vitamin D2 (ergocalciferol),Vitamin D2 (ergocalciferol),G,1.2e-06,6.814e-07,2.4e-06,1.3628e-06
1,Vitamin B-12,Vitamin B-12,G,4.7e-07,6.1e-07,1.671e-05,1.735345e-05
1,Vitamin B-12,Vitamin B-12,G,5e-07,5.8e-07,1.671e-05,1.735345e-05
1,Vitamin B-12,Vitamin B-12,G,5.3e-07,5.5e-07,1.671e-05,1.735345e-05
1,Vitamin B-12,Vitamin B-12,G,1.5e-06,1.45e-06,1.671e-05,1.735345e-05
1,Vitamin B-12,Vitamin B-12,G,4.7e-07,6.1e-07,1.671e-05,1.735345e-05
1,Vitamin B-12,Vitamin B-12,G,5e-07,5.8e-07,1.671e-05,1.735345e-05
1,Vitamin B-12,Vitamin B-12,G,5.3e-07,5.5e-07,1.671e-05,1.735345e-05
1,Vitamin B-12,Vitamin B-12,G,4.5e-07,5.4e-07,1.671e-05,1.735345e-05
1,Vitamin B-12,Vitamin B-12,G,1.4e-06,1.35e-06,1.671e-05,1.735345e-05
1,Vitamin B-12,Vitamin B-12,G,1.5e-06,1.45e-06,1.671e-05,1.735345e-05
1,Vitamin B-12,Vitamin B-12,G,1.1e-06,1.06e-06,1.671e-05,1.735345e-05
1,Vitamin B-12,Vitamin B-12,G,4.7e-07,4.2e-07,1.671e-05,1.735345e-05
1,Vitamin B-12,Vitamin B-12,G,1.68e-06,1.65e-06,1.671e-05,1.735345e-05
1,Vitamin B-12,Vitamin B-12,G,7.5e-07,7e-07,1.671e-05,1.735345e-05
1,Vitamin B-12,Vitamin B-12,G,4.9e-07,4.5e-07,1.671e-05,1.735345e-05
1,Vitamin B-12,Vitamin B-12,G,3.4e-07,7.8e-07,1.671e-05,1.735345e-05
1,Vitamin B-12,Vitamin B-12,G,4.7e-07,6.1e-07,1.671e-05,1.735345e-05
1,Vitamin B-12,Vitamin B-12,G,5e-07,5.8e-07,1.671e-05,1.735345e-05
1,Vitamin B-12,Vitamin B-12,G,5.3e-07,5.5e-07,1.671e-05,1.735345e-05
7,Vitamin B-12,Vitamin B-12,G,2.03e-06,1.13e-06,4.12e-06,3.3899999999999997e-06
7,Vitamin B-12,Vitamin B-12,G,1.3e-06,1.06e-06,4.12e-06,3.3899999999999997e-06
1,Vitamin B-12,Vitamin B-12,G,4.5e-07,5.4e-07,1.671e-05,1.735345e-05
7,Vitamin B-12,Vitamin B-12,G,7.9e-07,1.2e-06,4.12e-06,3.3899999999999997e-06
1,Vitamin B-12,Vitamin B-12,G,8.9e-07,1.02e-06,1.671e-05,1.735345e-05
1,Vitamin B-12,Vitamin B-12,G,1.7e-07,0.0,1.671e-05,1.735345e-05
16,Vitamin B-12,Vitamin B-12,G,1.11e-06,3.931e-07,2.22e-06,7.862e-07
14,Vitamin B-12,Vitamin B-12,G,0.0,3.375e-07,0.0,3.375e-07
1,Vitamin B-12,Vitamin B-12,G,4.3e-07,6.617e-07,1.671e-05,1.735345e-05
1,Vitamin B-12,Vitamin B-12,G,2.2e-07,0.0,1.671e-05,1.735345e-05
1,Vitamin B-12,Vitamin B-12,G,1.6e-07,0.0,1.671e-05,1.735345e-05
1,Vitamin B-12,Vitamin B-12,G,2.1e-07,6.175e-08,1.671e-05,1.735345e-05
11,"Vitamin A, RAE","Vitamin A, RAE",G,3.1e-05,8e-06,0.0011920000000000001,0.000607
1,"Vitamin A, RAE","Vitamin A, RAE",G,0.00016,0.00018,0.003882,0.004036
16,Vitamin B-12,Vitamin B-12,G,1.11e-06,3.931e-07,2.22e-06,7.862e-07
11,"Vitamin A, RAE","Vitamin A, RAE",G,3.1e-05,8e-06,0.0011920000000000001,0.000607
1,"Vitamin A, RAE","Vitamin A, RAE",G,0.00016,0.00018,0.003882,0.004036
11,"Vitamin A, RAE","Vitamin A, RAE",G,3.1e-05,8e-06,0.0011920000000000001,0.000607
1,"Vitamin A, RAE","Vitamin A, RAE",G,0.00016,0.00018,0.003882,0.004036
11,"Vitamin A, RAE","Vitamin A, RAE",G,3.1e-05,8e-06,0.0011920000000000001,0.000607
1,"Vitamin A, RAE","Vitamin A, RAE",G,0.00016,0.00018,0.003882,0.004036
11,"Vitamin A, RAE","Vitamin A, RAE",G,3.1e-05,8e-06,0.0011920000000000001,0.000607
1,"Vitamin A, RAE","Vitamin A, RAE",G,0.00016,0.00018,0.003882,0.004036
11,"Vitamin A, RAE","Vitamin A, RAE",G,3.1e-05,8e-06,0.0011920000000000001,0.000607
1,"Vitamin A, RAE","Vitamin A, RAE",G,0.00016,0.00018,0.003882,0.004036
1,"Vitamin D (D2 + D3), International Units",Vitamin D,G,0.03216,0.028408,1.54368,1.5634316
1,"Vitamin D (D2 + D3), International Units",Vitamin D,G,0.03149,0.02948,1.54368,1.5634316
1,"Vitamin D (D2 + D3), International Units",Vitamin D,G,0.03283,0.030284,1.54368,1.5634316
1,"Vitamin D (D2 + D3), International Units",Vitamin D,G,0.07035,0.06097,1.54368,1.5634316
1,"Vitamin D (D2 + D3), International Units",Vitamin D,G,0.0,0.0,1.54368,1.5634316
1,"Vitamin D (D2 + D3), International Units",Vitamin D,G,0.0,0.0,1.54368,1.5634316
1,"Vitamin D (D2 + D3), International Units",Vitamin D,G,0.20167,0.20167,1.54368,1.5634316
1,"Vitamin D (D2 + D3), International Units",Vitamin D,G,0.22177,0.25996,1.54368,1.5634316
1,"Vitamin D (D2 + D3), International Units",Vitamin D,G,0.15946,0.15477,1.54368,1.5634316
1,"Vitamin D (D2 + D3), International Units",Vitamin D,G,0.27939,0.42076,1.54368,1.5634316
1,"Vitamin D (D2 + D3), International Units",Vitamin D,G,0.0,0.0,1.54368,1.5634316
1,"Vitamin D (D2 + D3), International Units",Vitamin D,G,0.0268,0.0268,1.54368,1.5634316
1,"Vitamin D (D2 + D3), International Units",Vitamin D,G,0.03216,0.028408,1.54368,1.5634316
1,"Vitamin D (D2 + D3), International Units",Vitamin D,G,0.03149,0.02948,1.54368,1.5634316
1,"Vitamin D (D2 + D3), International Units",Vitamin D,G,0.03283,0.030284,1.54368,1.5634316
1,"Vitamin D (D2 + D3), International Units",Vitamin D,G,0.03417,0.025728,1.54368,1.5634316
1,"Vitamin D (D2 + D3), International Units",Vitamin D,G,0.05494,0.065928,1.54368,1.5634316
1,"Vitamin D (D2 + D3), International Units",Vitamin D,G,0.0,0.01072,1.54368,1.5634316
11,"Vitamin D (D2 + D3), International Units",Vitamin D,G,0.01943,0.0010854,0.80333,0.04605446
11,"Vitamin D (D2 + D3), International Units",Vitamin D,G,0.01206,0.0015075,0.80333,0.04605446
11,"Vitamin D (D2 + D3), International Units",Vitamin D,G,0.00469,0.00058156,0.80333,0.04605446
16,"Vitamin D (D2 + D3), International Units",Vitamin D,G,0.03283,0.018224,0.06566,0.036448
14,"Vitamin D (D2 + D3), International Units",Vitamin D,G,0.02814,0.024857,0.02814,0.024857
11,"Vitamin D (D2 + D3), International Units",Vitamin D,G,0.00938,0.0,0.80333,0.04605446
11,"Vitamin D (D2 + D3), International Units",Vitamin D,G,0.00335,0.0,0.80333,0.04605446
11,"Vitamin D (D2 + D3), International Units",Vitamin D,G,0.00201,0.0,0.80333,0.04605446
11,"Vitamin D (D2 + D3), International Units",Vitamin D,G,0.75241,0.04288,0.80333,0.04605446
1,"Vitamin D (D2 + D3), International Units",Vitamin D,G,0.00067,0.014539,1.54368,1.5634316
1,"Vitamin D (D2 + D3), International Units",Vitamin D,G,0.00134,0.020837,1.54368,1.5634316
1,"Vitamin D (D2 + D3), International Units",Vitamin D,G,0.0,0.0,1.54368,1.5634316
1,"Vitamin D (D2 + D3), International Units",Vitamin D,G,0.01072,0.0,1.54368,1.5634316
1,"Vitamin D (D2 + D3), International Units",Vitamin D,G,0.0,0.0058156,1.54368,1.5634316
1,"Vitamin D (D2 + D3), International Units",Vitamin D,G,0.01474,0.0,1.54368,1.5634316
1,"Vitamin D (D2 + D3), International Units",Vitamin D,G,0.17353,0.11859,1.54368,1.5634316
1,"Vitamin D (D2 + D3), International Units",Vitamin D,G,0.0134,0.0,1.54368,1.5634316
1,"Vitamin D (D2 + D3), International Units",Vitamin D,G,0.0737,0.0,1.54368,1.5634316
1,"Vitamin D (D2 + D3), International Units",Vitamin D,G,0.01407,0.0,1.54368,1.5634316
16,"Vitamin D (D2 + D3), International Units",Vitamin D,G,0.03283,0.018224,0.06566,0.036448
1,Vitamin B-6,Vitamin B-6,G,3.7e-05,6e-05,0.0018800000000000002,0.00166597
1,Vitamin B-6,Vitamin B-6,G,3.7e-05,5.8e-05,0.0018800000000000002,0.00166597
1,Vitamin B-6,Vitamin B-6,G,3.8e-05,6.1e-05,0.0018800000000000002,0.00166597
1,Vitamin B-6,Vitamin B-6,G,5.4e-05,5.6e-05,0.0018800000000000002,0.00166597
1,Vitamin B-6,Vitamin B-6,G,3.7e-05,6e-05,0.0018800000000000002,0.00166597
1,Vitamin B-6,Vitamin B-6,G,3.7e-05,5.8e-05,0.0018800000000000002,0.00166597
1,Vitamin B-6,Vitamin B-6,G,3.8e-05,6.1e-05,0.0018800000000000002,0.00166597
1,Vitamin B-6,Vitamin B-6,G,3.6e-05,6.1e-05,0.0018800000000000002,0.00166597
16,Vitamin B-6,Vitamin B-6,G,0.0002,0.000143,0.001774,0.0015919999999999999
12,Vitamin B-6,Vitamin B-6,G,0.000136,7.5e-05,0.002494,0.00249815
11,Vitamin B-6,Vitamin B-6,G,0.000271,0.000147,0.004233,0.00388235
11,Vitamin B-6,Vitamin B-6,G,0.000117,0.000127,0.004233,0.00388235
11,Vitamin B-6,Vitamin B-6,G,3.5e-05,3.4e-05,0.004233,0.00388235
1,Vitamin B-6,Vitamin B-6,G,8.1e-05,8.1e-05,0.0018800000000000002,0.00166597
1,Vitamin B-6,Vitamin B-6,G,5.4e-05,5.6e-05,0.0018800000000000002,0.00166597
9,Vitamin B-6,Vitamin B-6,G,2e-05,0.0,0.00107,0.00074894
12,Vitamin B-6,Vitamin B-6,G,0.000804,0.00076,0.002494,0.00249815
18,Vitamin B-6,Vitamin B-6,G,8.7e-05,9.2e-05,8.7e-05,9.2e-05
2,Vitamin B-6,Vitamin B-6,G,7e-05,6.9e-05,7e-05,6.9e-05
9,Vitamin B-6,Vitamin B-6,G,6.3e-05,6.1e-05,0.00107,0.00074894
9,Vitamin B-6,Vitamin B-6,G,2.5e-05,2.5e-05,0.00107,0.00074894
1,Vitamin B-6,Vitamin B-6,G,6.6e-05,6.9e-05,0.0018800000000000002,0.00166597
1,Vitamin B-6,Vitamin B-6,G,5.7e-05,5.7e-05,0.0018800000000000002,0.00166597
1,Vitamin B-6,Vitamin B-6,G,0.0001,9e-05,0.0018800000000000002,0.00166597
1,Vitamin B-6,Vitamin B-6,G,6.3e-05,6.4e-05,0.0018800000000000002,0.00166597
1,Vitamin B-6,Vitamin B-6,G,5e-05,5e-05,0.0018800000000000002,0.00166597
1,Vitamin B-6,Vitamin B-6,G,4.3e-05,9.9e-05,0.0018800000000000002,0.00166597
1,Vitamin B-6,Vitamin B-6,G,3.7e-05,6e-05,0.0018800000000000002,0.00166597
1,Vitamin B-6,Vitamin B-6,G,3.7e-05,5.8e-05,0.0018800000000000002,0.00166597
1,Vitamin B-6,Vitamin B-6,G,3.8e-05,6.1e-05,0.0018800000000000002,0.00166597
7,Vitamin B-6,Vitamin B-6,G,0.000192,0.00015,0.00073,0.000828
7,Vitamin B-6,Vitamin B-6,G,0.00033,0.000343,0.00073,0.000828
1,Vitamin B-6,Vitamin B-6,G,3.6e-05,6.1e-05,0.0018800000000000002,0.00166597
7,Vitamin B-6,Vitamin B-6,G,0.000208,0.000335,0.00073,0.000828
11,Vitamin B-6,Vitamin B-6,G,0.000175,0.000191,0.004233,0.00388235
1,"Carbohydrate, by difference",Vitamin B-6,G,0.00017,6.3e-05,0.0018800000000000002,0.00166597
20,Vitamin B-6,Vitamin B-6,G,4.4e-05,6.6e-05,0.0043100000000000005,0.00218838
20,Vitamin B-6,Vitamin B-6,G,4.4e-05,7.9e-05,0.0043100000000000005,0.00218838
20,Vitamin B-6,Vitamin B-6,G,4.4e-05,8.5e-05,0.0043100000000000005,0.00218838
20,Vitamin B-6,Vitamin B-6,G,0.000407,0.000268,0.0043100000000000005,0.00218838
20,Vitamin B-6,Vitamin B-6,G,3.7e-05,7.9e-05,0.0043100000000000005,0.00218838
20,Vitamin B-6,Vitamin B-6,G,0.000436,5.2e-05,0.0043100000000000005,0.00218838
1,Vitamin B-6,Vitamin B-6,G,3e-06,0.0,0.0018800000000000002,0.00166597
16,Vitamin B-6,Vitamin B-6,G,0.000574,0.000618,0.001774,0.0015919999999999999
16,Vitamin B-6,Vitamin B-6,G,0.000461,0.00034,0.001774,0.0015919999999999999
20,Vitamin B-6,Vitamin B-6,G,0.000736,0.000132,0.0043100000000000005,0.00218838
9,Vitamin B-6,Vitamin B-6,G,0.000367,0.000209,0.00107,0.00074894
9,Vitamin B-6,Vitamin B-6,G,3.4e-05,2.131e-05,0.00107,0.00074894
9,Vitamin B-6,Vitamin B-6,G,4.5e-05,3.544e-05,0.00107,0.00074894
9,Vitamin B-6,Vitamin B-6,G,4.9e-05,3.175e-05,0.00107,0.00074894
9,Vitamin B-6,Vitamin B-6,G,3.7e-05,2.788e-05,0.00107,0.00074894
9,Vitamin B-6,Vitamin B-6,G,5.1e-05,3.275e-05,0.00107,0.00074894
11,Vitamin B-6,Vitamin B-6,G,0.00011,9.888e-05,0.004233,0.00388235
11,Vitamin B-6,Vitamin B-6,G,0.000293,0.0001593,0.004233,0.00388235
11,Vitamin B-6,Vitamin B-6,G,0.000104,7.683e-05,0.004233,0.00388235
16,Vitamin B-6,Vitamin B-6,G,4.9e-05,5.525e-05,0.001774,0.0015919999999999999
14,Vitamin B-6,Vitamin B-6,G,1.5e-05,0.0,1.5e-05,0.0
11,Vitamin B-6,Vitamin B-6,G,0.000195,0.0002143,0.004233,0.00388235
20,Vitamin B-6,Vitamin B-6,G,0.00023,0.0002355,0.0043100000000000005,0.00218838
9,Vitamin B-6,Vitamin B-6,G,1.8e-05,1.388e-05,0.00107,0.00074894
9,Vitamin B-6,Vitamin B-6,G,7.6e-05,4.288e-05,0.00107,0.00074894
9,Vitamin B-6,Vitamin B-6,G,3.2e-05,3.869e-05,0.00107,0.00074894
9,Vitamin B-6,Vitamin B-6,G,5.2e-05,9.25e-06,0.00107,0.00074894
11,Vitamin B-6,Vitamin B-6,G,7e-05,7.613e-05,0.004233,0.00388235
9,Vitamin B-6,Vitamin B-6,G,4e-05,4.113e-05,0.00107,0.00074894
11,Vitamin B-6,Vitamin B-6,G,0.000122,9.692e-05,0.004233,0.00388235
11,Vitamin B-6,Vitamin B-6,G,0.0001,0.0001188,0.004233,0.00388235
11,Vitamin B-6,Vitamin B-6,G,0.00011,0.0001125,0.004233,0.00388235
11,Vitamin B-6,Vitamin B-6,G,5.6e-05,7.1e-05,0.004233,0.00388235
11,Vitamin B-6,Vitamin B-6,G,0.000138,0.0001456,0.004233,0.00388235
11,Vitamin B-6,Vitamin B-6,G,0.000105,0.0001146,0.004233,0.00388235
11,Vitamin B-6,Vitamin B-6,G,0.000224,0.0002468,0.004233,0.00388235
11,Vitamin B-6,Vitamin B-6,G,0.000168,0.0002918,0.004233,0.00388235
11,Vitamin B-6,Vitamin B-6,G,0.000291,0.0003027,0.004233,0.00388235
1,Vitamin B-6,Vitamin B-6,G,3.4e-05,3.931e-05,0.0018800000000000002,0.00166597
1,Vitamin B-6,Vitamin B-6,G,3.2e-05,4.506e-05,0.0018800000000000002,0.00166597
1,Vitamin B-6,Vitamin B-6,G,6.3e-05,4.394e-05,0.0018800000000000002,0.00166597
1,Vitamin B-6,Vitamin B-6,G,0.000424,3.831e-05,0.0018800000000000002,0.00166597
11,Vitamin B-6,Vitamin B-6,G,0.000769,0.000582,0.004233,0.00388235
16,Vitamin B-6,Vitamin B-6,G,0.000441,0.0003805,0.001774,0.0015919999999999999
12,Vitamin B-6,Vitamin B-6,G,0.000103,8.375e-05,0.002494,0.00249815
12,Vitamin B-6,Vitamin B-6,G,0.000473,0.0003926,0.002494,0.00249815
1,Vitamin B-6,Vitamin B-6,G,4.6e-05,4.66e-05,0.0018800000000000002,0.00166597
1,Vitamin B-6,Vitamin B-6,G,5.6e-05,3.925e-05,0.0018800000000000002,0.00166597
1,Vitamin B-6,Vitamin B-6,G,3.5e-05,3.1e-05,0.0018800000000000002,0.00166597
1,Vitamin B-6,Vitamin B-6,G,4.1e-05,3.85e-05,0.0018800000000000002,0.00166597
11,Vitamin B-6,Vitamin B-6,G,4.2e-05,4.013e-05,0.004233,0.00388235
11,Vitamin B-6,Vitamin B-6,G,0.0001,7.413e-05,0.004233,0.00388235
11,Vitamin B-6,Vitamin B-6,G,9e-05,7.088e-05,0.004233,0.00388235
12,Vitamin B-6,Vitamin B-6,G,9.4e-05,0.0002546,0.002494,0.00249815
12,Vitamin B-6,Vitamin B-6,G,0.000137,0.0001008,0.002494,0.00249815
12,Vitamin B-6,Vitamin B-6,G,0.000537,0.0006603,0.002494,0.00249815
12,Vitamin B-6,Vitamin B-6,G,0.00021,0.0001711,0.002494,0.00249815
20,Vitamin B-6,Vitamin B-6,G,0.000119,0.0001346,0.0043100000000000005,0.00218838
9,Vitamin B-6,Vitamin B-6,G,0.000112,0.0001101,0.00107,0.00074894
9,Vitamin B-6,Vitamin B-6,G,4.9e-05,4.888e-05,0.00107,0.00074894
11,Vitamin B-6,Vitamin B-6,G,0.000141,0.000121,0.004233,0.00388235
11,Vitamin B-6,Vitamin B-6,G,7.4e-05,5.175e-05,0.004233,0.00388235
11,Vitamin B-6,Vitamin B-6,G,0.000124,0.0001384,0.004233,0.00388235
11,Vitamin B-6,Vitamin B-6,G,0.000209,0.0001789,0.004233,0.00388235
20,Vitamin B-6,Vitamin B-6,G,0.000582,0.0001699,0.0043100000000000005,0.00218838
20,Vitamin B-6,Vitamin B-6,G,0.000396,0.0001995,0.0043100000000000005,0.00218838
20,Vitamin B-6,Vitamin B-6,G,0.00021,0.0002776,0.0043100000000000005,0.00218838
20,Vitamin B-6,Vitamin B-6,G,0.000384,0.0001918,0.0043100000000000005,0.00218838
20,Vitamin B-6,Vitamin B-6,G,0.000477,0.0001606,0.0043100000000000005,0.00218838
20,Vitamin B-6,Vitamin B-6,G,0.000164,5.788e-05,0.0043100000000000005,0.00218838
16,Vitamin B-6,Vitamin B-6,G,4.9e-05,5.525e-05,0.001774,0.0015919999999999999
1,"Calcium, Ca","Calcium, Ca",G,0.125,0.126,14.099,13.81989
1,"Calcium, Ca","Calcium, Ca",G,0.122,0.132,14.099,13.81989
1,"Calcium, Ca","Calcium, Ca",G,0.12,0.126,14.099,13.81989
1,"Calcium, Ca","Calcium, Ca",G,1.045,0.866,14.099,13.81989
1,"Calcium, Ca","Calcium, Ca",G,0.125,0.126,14.099,13.81989
1,"Calcium, Ca","Calcium, Ca",G,0.122,0.132,14.099,13.81989
1,"Calcium, Ca","Calcium, Ca",G,0.12,0.126,14.099,13.81989
1,"Calcium, Ca","Calcium, Ca",G,0.113,0.123,14.099,13.81989
1,"Calcium, Ca","Calcium, Ca",G,1.375,1.498,14.099,13.81989
16,"Calcium, Ca","Calcium, Ca",G,0.038,0.041,1.33,1.49639
11,"Calcium, Ca","Calcium, Ca",G,0.037,0.036,0.908,0.9471402999999999
12,"Calcium, Ca","Calcium, Ca",G,0.268,0.273,1.812,1.712486
11,"Calcium, Ca","Calcium, Ca",G,0.15,0.254,0.908,0.9471402999999999
1,"Calcium, Ca","Calcium, Ca",G,0.062,0.055,14.099,13.81989
1,"Calcium, Ca","Calcium, Ca",G,0.008,0.009,14.099,13.81989
1,"Calcium, Ca","Calcium, Ca",G,0.062,0.104,14.099,13.81989
11,"Calcium, Ca","Calcium, Ca",G,0.031,0.028,0.908,0.9471402999999999
11,"Calcium, Ca","Calcium, Ca",G,0.057,0.054,0.908,0.9471402999999999
1,"Calcium, Ca","Calcium, Ca",G,0.853,0.884,14.099,13.81989
1,"Calcium, Ca","Calcium, Ca",G,1.045,0.866,14.099,13.81989
9,"Calcium, Ca","Calcium, Ca",G,0.014,0.016,0.216,0.203787
12,"Calcium, Ca","Calcium, Ca",G,0.07,0.078,1.812,1.712486
18,"Calcium, Ca","Calcium, Ca",G,0.144,0.211,0.144,0.211
2,"Calcium, Ca","Calcium, Ca",G,0.063,0.063,0.087,0.113
9,"Calcium, Ca","Calcium, Ca",G,0.034,0.035,0.216,0.203787
9,"Calcium, Ca","Calcium, Ca",G,0.006,0.002,0.216,0.203787
1,"Calcium, Ca","Calcium, Ca",G,0.71,0.707,14.099,13.81989
1,"Calcium, Ca","Calcium, Ca",G,0.111,0.103,14.099,13.81989
1,"Calcium, Ca","Calcium, Ca",G,0.697,0.693,14.099,13.81989
1,"Calcium, Ca","Calcium, Ca",G,0.244,0.22,14.099,13.81989
1,"Calcium, Ca","Calcium, Ca",G,0.134,0.119,14.099,13.81989
1,"Calcium, Ca","Calcium, Ca",G,0.289,0.27,14.099,13.81989
1,"Calcium, Ca","Calcium, Ca",G,0.11,0.111,14.099,13.81989
1,"Calcium, Ca","Calcium, Ca",G,0.097,0.097,14.099,13.81989
7,"Calcium, Ca","Calcium, Ca",G,0.005,0.005,0.07300000000000001,0.084
1,"Calcium, Ca","Calcium, Ca",G,0.207,0.224,14.099,13.81989
1,"Calcium, Ca","Calcium, Ca",G,0.125,0.126,14.099,13.81989
2,"Calcium, Ca","Calcium, Ca",G,0.024,0.05,0.087,0.113
1,"Calcium, Ca","Calcium, Ca",G,0.122,0.132,14.099,13.81989
1,"Calcium, Ca","Calcium, Ca",G,0.12,0.126,14.099,13.81989
7,"Calcium, Ca","Calcium, Ca",G,0.015,0.035,0.07300000000000001,0.084
7,"Calcium, Ca","Calcium, Ca",G,0.021,0.012,0.07300000000000001,0.084
1,"Calcium, Ca","Calcium, Ca",G,0.113,0.123,14.099,13.81989
7,"Calcium, Ca","Calcium, Ca",G,0.032,0.032,0.07300000000000001,0.084
11,"Calcium, Ca","Calcium, Ca",G,0.047,0.046,0.908,0.9471402999999999
1,"Carbohydrate, by difference","Calcium, Ca",G,0.056,0.048,14.099,13.81989
1,"Calcium, Ca","Calcium, Ca",G,0.024,0.014,14.099,13.81989
20,"Calcium, Ca","Calcium, Ca",G,0.015,0.019,0.332,0.311943
20,"Calcium, Ca","Calcium, Ca",G,0.015,0.021,0.332,0.311943
20,"Calcium, Ca","Calcium, Ca",G,0.015,0.022,0.332,0.311943
20,"Calcium, Ca","Calcium, Ca",G,0.034,0.038,0.332,0.311943
20,"Calcium, Ca","Calcium, Ca",G,0.015,0.019,0.332,0.311943
20,"Calcium, Ca","Calcium, Ca",G,0.01,0.006,0.332,0.311943
1,"Calcium, Ca","Calcium, Ca",G,0.024,0.021,14.099,13.81989
16,"Calcium, Ca","Calcium, Ca",G,0.241,0.338,1.33,1.49639
16,"Calcium, Ca","Calcium, Ca",G,0.206,0.258,1.33,1.49639
20,"Calcium, Ca","Calcium, Ca",G,0.011,0.01,0.332,0.311943
9,"Calcium, Ca","Calcium, Ca",G,0.005,0.005,0.216,0.203787
9,"Calcium, Ca","Calcium, Ca",G,0.006,0.004656,0.216,0.203787
9,"Calcium, Ca","Calcium, Ca",G,0.007,0.005975,0.216,0.203787
9,"Calcium, Ca","Calcium, Ca",G,0.007,0.006639,0.216,0.203787
9,"Calcium, Ca","Calcium, Ca",G,0.005,0.005483,0.216,0.203787
9,"Calcium, Ca","Calcium, Ca",G,0.006,0.003874,0.216,0.203787
11,"Calcium, Ca","Calcium, Ca",G,0.003,0.0,0.908,0.9471402999999999
11,"Calcium, Ca","Calcium, Ca",G,0.002,0.0007663,0.908,0.9471402999999999
11,"Calcium, Ca","Calcium, Ca",G,0.003,0.005465,0.908,0.9471402999999999
16,"Calcium, Ca","Calcium, Ca",G,0.124,0.101,1.33,1.49639
14,"Calcium, Ca","Calcium, Ca",G,0.197,0.1727,0.197,0.1727
11,"Calcium, Ca","Calcium, Ca",G,0.099,0.06664,0.908,0.9471402999999999
20,"Calcium, Ca","Calcium, Ca",G,0.027,0.03004,0.332,0.311943
9,"Calcium, Ca","Calcium, Ca",G,0.008,0.007099,0.216,0.203787
9,"Calcium, Ca","Calcium, Ca",G,0.011,0.01281,0.216,0.203787
9,"Calcium, Ca","Calcium, Ca",G,0.011,0.009741,0.216,0.203787
9,"Calcium, Ca","Calcium, Ca",G,0.008,0.006641,0.216,0.203787
11,"Calcium, Ca","Calcium, Ca",G,0.01,0.009744,0.908,0.9471402999999999
9,"Calcium, Ca","Calcium, Ca",G,0.011,0.009288,0.216,0.203787
11,"Calcium, Ca","Calcium, Ca",G,0.003,0.003235,0.908,0.9471402999999999
11,"Calcium, Ca","Calcium, Ca",G,0.0,0.001432,0.908,0.9471402999999999
11,"Calcium, Ca","Calcium, Ca",G,0.018,0.004105,0.908,0.9471402999999999
11,"Calcium, Ca","Calcium, Ca",G,0.001,0.0,0.908,0.9471402999999999
11,"Calcium, Ca","Calcium, Ca",G,0.033,0.03048,0.908,0.9471402999999999
11,"Calcium, Ca","Calcium, Ca",G,0.032,0.04223,0.908,0.9471402999999999
11,"Calcium, Ca","Calcium, Ca",G,0.01,0.007496,0.908,0.9471402999999999
11,"Calcium, Ca","Calcium, Ca",G,0.011,0.006686,0.908,0.9471402999999999
11,"Calcium, Ca","Calcium, Ca",G,0.007,0.006361,0.908,0.9471402999999999
1,"Calcium, Ca","Calcium, Ca",G,0.116,0.1201,14.099,13.81989
1,"Calcium, Ca","Calcium, Ca",G,0.121,0.1268,14.099,13.81989
1,"Calcium, Ca","Calcium, Ca",G,0.1,0.1109,14.099,13.81989
1,"Calcium, Ca","Calcium, Ca",G,0.493,0.3711,14.099,13.81989
11,"Calcium, Ca","Calcium, Ca",G,0.065,0.04412,0.908,0.9471402999999999
16,"Calcium, Ca","Calcium, Ca",G,0.049,0.04985,1.33,1.49639
12,"Calcium, Ca","Calcium, Ca",G,0.347,0.2638,1.812,1.712486
12,"Calcium, Ca","Calcium, Ca",G,0.255,0.2299,1.812,1.712486
1,"Calcium, Ca","Calcium, Ca",G,0.083,0.08827,14.099,13.81989
1,"Calcium, Ca","Calcium, Ca",G,0.097,0.09711,14.099,13.81989
1,"Calcium, Ca","Calcium, Ca",G,0.066,0.06121,14.099,13.81989
1,"Calcium, Ca","Calcium, Ca",G,0.101,0.1072,14.099,13.81989
11,"Calcium, Ca","Calcium, Ca",G,0.018,0.01424,0.908,0.9471402999999999
11,"Calcium, Ca","Calcium, Ca",G,0.033,0.04259,0.908,0.9471402999999999
11,"Calcium, Ca","Calcium, Ca",G,0.036,0.03984,0.908,0.9471402999999999
12,"Calcium, Ca","Calcium, Ca",G,0.016,0.008736,1.812,1.712486
12,"Calcium, Ca","Calcium, Ca",G,0.269,0.2536,1.812,1.712486
12,"Calcium, Ca","Calcium, Ca",G,0.098,0.08826,1.812,1.712486
12,"Calcium, Ca","Calcium, Ca",G,0.07,0.05483,1.812,1.712486
20,"Calcium, Ca","Calcium, Ca",G,0.054,0.04553,0.332,0.311943
9,"Calcium, Ca","Calcium, Ca",G,0.013,0.0125,0.216,0.203787
9,"Calcium, Ca","Calcium, Ca",G,0.013,0.01226,0.216,0.203787
11,"Calcium, Ca","Calcium, Ca",G,0.037,0.04005,0.908,0.9471402999999999
11,"Calcium, Ca","Calcium, Ca",G,0.04,0.04628,0.908,0.9471402999999999
11,"Calcium, Ca","Calcium, Ca",G,0.016,0.01634,0.908,0.9471402999999999
11,"Calcium, Ca","Calcium, Ca",G,0.04,0.04184,0.908,0.9471402999999999
11,"Calcium, Ca","Calcium, Ca",G,0.045,0.03099,0.908,0.9471402999999999
9,"Calcium, Ca","Calcium, Ca",G,0.016,0.0169,0.216,0.203787
9,"Calcium, Ca","Calcium, Ca",G,0.025,0.01641,0.216,0.203787
9,"Calcium, Ca","Calcium, Ca",G,0.006,0.01169,0.216,0.203787
9,"Calcium, Ca","Calcium, Ca",G,0.004,0.003821,0.216,0.203787
20,"Calcium, Ca","Calcium, Ca",G,0.041,0.03055,0.332,0.311943
20,"Calcium, Ca","Calcium, Ca",G,0.032,0.03556,0.332,0.311943
20,"Calcium, Ca","Calcium, Ca",G,0.018,0.01364,0.332,0.311943
20,"Calcium, Ca","Calcium, Ca",G,0.008,0.009105,0.332,0.311943
20,"Calcium, Ca","Calcium, Ca",G,0.009,0.008058,0.332,0.311943
20,"Calcium, Ca","Calcium, Ca",G,0.028,0.00446,0.332,0.311943
13,"Calcium, Ca","Calcium, Ca",G,0.012,0.007135,0.088,0.030678999999999998
13,"Calcium, Ca","Calcium, Ca",G,0.018,0.006889,0.088,0.030678999999999998
10,"Calcium, Ca","Calcium, Ca",G,0.014,0.005857,0.027,0.014496
5,"Calcium, Ca","Calcium, Ca",G,0.006,0.005819,0.039,0.039038
5,"Calcium, Ca","Calcium, Ca",G,0.021,0.02363,0.039,0.039038
12,"Calcium, Ca","Calcium, Ca",G,0.037,0.04195,1.812,1.712486
12,"Calcium, Ca","Calcium, Ca",G,0.114,0.1347,1.812,1.712486
16,"Calcium, Ca","Calcium, Ca",G,0.092,0.04913,1.33,1.49639
12,"Calcium, Ca","Calcium, Ca",G,0.085,0.05271,1.812,1.712486
12,"Calcium, Ca","Calcium, Ca",G,0.105,0.1174,1.812,1.712486
12,"Calcium, Ca","Calcium, Ca",G,0.078,0.1156,1.812,1.712486
16,"Calcium, Ca","Calcium, Ca",G,0.057,0.1111,1.33,1.49639
16,"Calcium, Ca","Calcium, Ca",G,0.035,0.06185,1.33,1.49639
16,"Calcium, Ca","Calcium, Ca",G,0.11,0.0714,1.33,1.49639
16,"Calcium, Ca","Calcium, Ca",G,0.035,0.04331,1.33,1.49639
16,"Calcium, Ca","Calcium, Ca",G,0.047,0.06391,1.33,1.49639
16,"Calcium, Ca","Calcium, Ca",G,0.043,0.04048,1.33,1.49639
16,"Calcium, Ca","Calcium, Ca",G,0.058,0.05694,1.33,1.49639
16,"Calcium, Ca","Calcium, Ca",G,0.058,0.06025,1.33,1.49639
11,"Calcium, Ca","Calcium, Ca",G,0.024,0.02821,0.908,0.9471402999999999
16,"Calcium, Ca","Calcium, Ca",G,0.064,0.05523,1.33,1.49639
16,"Calcium, Ca","Calcium, Ca",G,0.02,0.02778,1.33,1.49639
16,"Calcium, Ca","Calcium, Ca",G,0.053,0.06716,1.33,1.49639
10,"Calcium, Ca","Calcium, Ca",G,0.007,0.004111,0.027,0.014496
10,"Calcium, Ca","Calcium, Ca",G,0.006,0.004528,0.027,0.014496
5,"Calcium, Ca","Calcium, Ca",G,0.005,0.003939,0.039,0.039038
5,"Calcium, Ca","Calcium, Ca",G,0.007,0.00565,0.039,0.039038
13,"Calcium, Ca","Calcium, Ca",G,0.006,0.004173,0.088,0.030678999999999998
13,"Calcium, Ca","Calcium, Ca",G,0.013,0.00407,0.088,0.030678999999999998
13,"Calcium, Ca","Calcium, Ca",G,0.012,0.004576,0.088,0.030678999999999998
13,"Calcium, Ca","Calcium, Ca",G,0.027,0.003836,0.088,0.030678999999999998
1,"Calcium, Ca","Calcium, Ca",G,0.199,0.1674,14.099,13.81989
1,"Calcium, Ca","Calcium, Ca",G,0.746,0.7146,14.099,13.81989
1,"Calcium, Ca","Calcium, Ca",G,1.375,1.498,14.099,13.81989
1,"Calcium, Ca","Calcium, Ca",G,0.756,0.7488,14.099,13.81989
1,"Calcium, Ca","Calcium, Ca",G,0.566,0.6018,14.099,13.81989
1,"Calcium, Ca","Calcium, Ca",G,0.8,0.6996,14.099,13.81989
1,"Iron, Fe","Iron, Fe",G,3e-05,0.0,0.03264,0.02893675
1,"Iron, Fe","Iron, Fe",G,3e-05,0.0,0.03264,0.02893675
1,"Iron, Fe","Iron, Fe",G,2e-05,0.0,0.03264,0.02893675
1,"Iron, Fe","Iron, Fe",G,0.00063,0.00048,0.03264,0.02893675
1,"Iron, Fe","Iron, Fe",G,3e-05,0.0,0.03264,0.02893675
1,"Iron, Fe","Iron, Fe",G,3e-05,0.0,0.03264,0.02893675
1,"Iron, Fe","Iron, Fe",G,2e-05,0.0,0.03264,0.02893675
1,"Iron, Fe","Iron, Fe",G,3e-05,0.0,0.03264,0.02893675
1,"Iron, Fe","Iron, Fe",G,0.00095,0.001303,0.03264,0.02893675
16,"Iron, Fe","Iron, Fe",G,0.00046,0.0005416,0.05592,0.0527552
16,"Iron, Fe","Iron, Fe",G,0.00244,0.00241,0.05592,0.0527552
11,"Iron, Fe","Iron, Fe",G,0.00089,0.00078,0.02144,0.0238027
12,"Iron, Fe","Iron, Fe",G,0.00373,0.00317,0.05567,0.051133
11,"Iron, Fe","Iron, Fe",G,0.00147,0.0016,0.02144,0.0238027
1,"Iron, Fe","Iron, Fe",G,0.00174,0.00177,0.03264,0.02893675
1,"Iron, Fe","Iron, Fe",G,4e-05,0.00018,0.03264,0.02893675
1,"Iron, Fe","Iron, Fe",G,0.00015,0.0,0.03264,0.02893675
11,"Iron, Fe","Iron, Fe",G,0.00125,0.00114,0.02144,0.0238027
11,"Iron, Fe","Iron, Fe",G,0.00026,0.00023,0.02144,0.0238027
1,"Iron, Fe","Iron, Fe",G,0.00049,0.00045,0.03264,0.02893675
1,"Iron, Fe","Iron, Fe",G,0.00063,0.00048,0.03264,0.02893675
9,"Iron, Fe","Iron, Fe",G,0.00011,7e-05,0.0047799999999999995,0.00234578
12,"Iron, Fe","Iron, Fe",G,0.0038,0.00521,0.05567,0.051133
18,"Iron, Fe","Iron, Fe",G,0.00361,0.00336,0.00361,0.00336
2,"Iron, Fe","Iron, Fe",G,0.00161,0.00159,0.00194,0.00159
9,"Iron, Fe","Iron, Fe",G,0.00031,0.00024,0.0047799999999999995,0.00234578
9,"Iron, Fe","Iron, Fe",G,0.00028,0.0003,0.0047799999999999995,0.00234578
1,"Iron, Fe","Iron, Fe",G,0.00014,0.00016,0.03264,0.02893675
1,"Iron, Fe","Iron, Fe",G,0.00013,0.00013,0.03264,0.02893675
1,"Iron, Fe","Iron, Fe",G,0.00022,0.0002,0.03264,0.02893675
1,"Iron, Fe","Iron, Fe",G,0.0072,0.00697,0.03264,0.02893675
1,"Iron, Fe","Iron, Fe",G,0.00455,0.00413,0.03264,0.02893675
1,"Iron, Fe","Iron, Fe",G,0.00956,0.00928,0.03264,0.02893675
1,"Iron, Fe","Iron, Fe",G,7e-05,7e-05,0.03264,0.02893675
1,"Iron, Fe","Iron, Fe",G,9e-05,9e-05,0.03264,0.02893675
7,"Iron, Fe","Iron, Fe",G,0.00059,0.00058,0.00462,0.00459
1,"Iron, Fe","Iron, Fe",G,0.00038,0.0001,0.03264,0.02893675
1,"Iron, Fe","Iron, Fe",G,3e-05,0.0,0.03264,0.02893675
2,"Iron, Fe","Iron, Fe",G,0.00033,0.0,0.00194,0.00159
1,"Iron, Fe","Iron, Fe",G,3e-05,0.0,0.03264,0.02893675
1,"Iron, Fe","Iron, Fe",G,2e-05,0.0,0.03264,0.02893675
7,"Iron, Fe","Iron, Fe",G,0.00153,0.00155,0.00462,0.00459
7,"Iron, Fe","Iron, Fe",G,0.00143,0.00129,0.00462,0.00459
1,"Iron, Fe","Iron, Fe",G,3e-05,0.0,0.03264,0.02893675
7,"Iron, Fe","Iron, Fe",G,0.00107,0.00117,0.00462,0.00459
11,"Iron, Fe","Iron, Fe",G,0.00073,0.00069,0.02144,0.0238027
1,"Iron, Fe","Iron, Fe",G,0.00175,0.00167,0.03264,0.02893675
1,"Iron, Fe","Iron, Fe",G,2e-05,3e-05,0.03264,0.02893675
20,"Iron, Fe","Iron, Fe",G,0.00464,0.00562,0.04399,0.0449495
20,"Iron, Fe","Iron, Fe",G,0.00464,0.00541,0.04399,0.0449495
20,"Iron, Fe","Iron, Fe",G,0.00117,0.00118,0.04399,0.0449495
20,"Iron, Fe","Iron, Fe",G,0.0036,0.00386,0.04399,0.0449495
20,"Iron, Fe","Iron, Fe",G,0.00441,0.00555,0.04399,0.0449495
20,"Iron, Fe","Iron, Fe",G,0.00035,0.00022,0.04399,0.0449495
1,"Iron, Fe","Iron, Fe",G,2e-05,6e-05,0.03264,0.02893675
16,"Iron, Fe","Iron, Fe",G,0.00924,0.00734,0.05592,0.0527552
16,"Iron, Fe","Iron, Fe",G,0.00637,0.00951,0.05592,0.0527552
20,"Iron, Fe","Iron, Fe",G,0.00198,0.0015,0.04399,0.0449495
9,"Iron, Fe","Iron, Fe",G,0.00026,0.0,0.0047799999999999995,0.00234578
9,"Iron, Fe","Iron, Fe",G,0.00011,0.0,0.0047799999999999995,0.00234578
9,"Iron, Fe","Iron, Fe",G,0.0001,1.5e-05,0.0047799999999999995,0.00234578
9,"Iron, Fe","Iron, Fe",G,0.00012,6.013e-05,0.0047799999999999995,0.00234578
9,"Iron, Fe","Iron, Fe",G,0.00015,6.963e-05,0.0047799999999999995,0.00234578
9,"Iron, Fe","Iron, Fe",G,0.00013,0.0,0.0047799999999999995,0.00234578
11,"Iron, Fe","Iron, Fe",G,0.00133,0.0006981,0.02144,0.0238027
11,"Iron, Fe","Iron, Fe",G,0.00041,0.0001443,0.02144,0.0238027
11,"Iron, Fe","Iron, Fe",G,0.0005,0.0002267,0.02144,0.0238027
16,"Iron, Fe","Iron, Fe",G,0.00046,0.0005416,0.05592,0.0527552
14,"Iron, Fe","Iron, Fe",G,0.00035,0.0002899,0.00035,0.0002899
11,"Iron, Fe","Iron, Fe",G,0.00271,0.001054,0.02144,0.0238027
20,"Iron, Fe","Iron, Fe",G,0.00444,0.003769,0.04399,0.0449495
9,"Iron, Fe","Iron, Fe",G,0.00012,4.016e-05,0.0047799999999999995,0.00234578
9,"Iron, Fe","Iron, Fe",G,0.00013,6.458e-05,0.0047799999999999995,0.00234578
9,"Iron, Fe","Iron, Fe",G,0.00025,4.092e-05,0.0047799999999999995,0.00234578
9,"Iron, Fe","Iron, Fe",G,0.00025,0.0001257,0.0047799999999999995,0.00234578
11,"Iron, Fe","Iron, Fe",G,0.00039,0.0002988,0.02144,0.0238027
9,"Iron, Fe","Iron, Fe",G,0.0002,7.061e-05,0.0047799999999999995,0.00234578
11,"Iron, Fe","Iron, Fe",G,0.0004,0.000139,0.02144,0.0238027
11,"Iron, Fe","Iron, Fe",G,0.00115,0.001275,0.02144,0.0238027
11,"Iron, Fe","Iron, Fe",G,0.0004,0.0003115,0.02144,0.0238027
11,"Iron, Fe","Iron, Fe",G,0.0003,0.0002089,0.02144,0.0238027
11,"Iron, Fe","Iron, Fe",G,0.0003,0.0001504,0.02144,0.0238027
11,"Iron, Fe","Iron, Fe",G,0.00089,8.8e-05,0.02144,0.0238027
11,"Iron, Fe","Iron, Fe",G,0.00034,0.0001861,0.02144,0.0238027
1,"Iron, Fe","Iron, Fe",G,5e-05,1.325e-05,0.03264,0.02893675
1,"Iron, Fe","Iron, Fe",G,5e-05,0.0,0.03264,0.02893675
1,"Iron, Fe","Iron, Fe",G,0.0,0.0,0.03264,0.02893675
1,"Iron, Fe","Iron, Fe",G,0.00065,6.75e-05,0.03264,0.02893675
11,"Iron, Fe","Iron, Fe",G,0.00138,0.01197,0.02144,0.0238027
16,"Iron, Fe","Iron, Fe",G,0.00174,0.001853,0.05592,0.0527552
12,"Iron, Fe","Iron, Fe",G,0.00349,0.004108,0.05567,0.051133
12,"Iron, Fe","Iron, Fe",G,0.00573,0.005778,0.05567,0.051133
1,"Iron, Fe","Iron, Fe",G,7e-05,0.0,0.03264,0.02893675
1,"Iron, Fe","Iron, Fe",G,0.00011,0.0,0.03264,0.02893675
1,"Iron, Fe","Iron, Fe",G,0.0001,0.0,0.03264,0.02893675
1,"Iron, Fe","Iron, Fe",G,7e-05,0.0,0.03264,0.02893675
11,"Iron, Fe","Iron, Fe",G,0.00041,3.325e-05,0.02144,0.0238027
11,"Iron, Fe","Iron, Fe",G,0.0012,0.0004023,0.02144,0.0238027
11,"Iron, Fe","Iron, Fe",G,0.00086,0.0003195,0.02144,0.0238027
12,"Iron, Fe","Iron, Fe",G,0.00553,0.00536,0.05567,0.051133
12,"Iron, Fe","Iron, Fe",G,0.00371,0.003741,0.05567,0.051133
12,"Iron, Fe","Iron, Fe",G,0.00291,0.002235,0.05567,0.051133
12,"Iron, Fe","Iron, Fe",G,0.00253,0.002371,0.05567,0.051133
20,"Iron, Fe","Iron, Fe",G,0.00472,0.004339,0.04399,0.0449495
9,"Iron, Fe","Iron, Fe",G,0.00029,5.4e-05,0.0047799999999999995,0.00234578
9,"Iron, Fe","Iron, Fe",G,0.00036,0.0001054,0.0047799999999999995,0.00234578
11,"Iron, Fe","Iron, Fe",G,0.00103,0.0006516,0.02144,0.0238027
11,"Iron, Fe","Iron, Fe",G,0.0002,0.0,0.02144,0.0238027
11,"Iron, Fe","Iron, Fe",G,0.00028,0.0,0.02144,0.0238027
11,"Iron, Fe","Iron, Fe",G,0.00047,6.625e-05,0.02144,0.0238027
11,"Iron, Fe","Iron, Fe",G,0.0008,0.0,0.02144,0.0238027
9,"Iron, Fe","Iron, Fe",G,0.00041,0.000255,0.0047799999999999995,0.00234578
9,"Iron, Fe","Iron, Fe",G,0.00069,0.0004501,0.0047799999999999995,0.00234578
9,"Iron, Fe","Iron, Fe",G,0.00028,0.0003398,0.0047799999999999995,0.00234578
9,"Iron, Fe","Iron, Fe",G,0.00023,4.475e-05,0.0047799999999999995,0.00234578
20,"Iron, Fe","Iron, Fe",G,0.00406,0.00384,0.04399,0.0449495
20,"Iron, Fe","Iron, Fe",G,0.00268,0.003301,0.04399,0.0449495
20,"Iron, Fe","Iron, Fe",G,0.0022,0.002444,0.04399,0.0449495
20,"Iron, Fe","Iron, Fe",G,0.00301,0.002534,0.04399,0.0449495
20,"Iron, Fe","Iron, Fe",G,0.00129,0.001242,0.04399,0.0449495
20,"Iron, Fe","Iron, Fe",G,0.0008,0.0001405,0.04399,0.0449495
13,"Iron, Fe","Iron, Fe",G,0.00224,0.002128,0.01285,0.011528
13,"Iron, Fe","Iron, Fe",G,0.00194,0.001965,0.01285,0.011528
10,"Iron, Fe","Iron, Fe",G,0.00088,0.0007876,0.00238,0.0021688
5,"Iron, Fe","Iron, Fe",G,0.00082,0.0005926,0.00317,0.0026357
5,"Iron, Fe","Iron, Fe",G,0.00117,0.001087,0.00317,0.0026357
12,"Iron, Fe","Iron, Fe",G,0.00668,0.005988,0.05567,0.051133
12,"Iron, Fe","Iron, Fe",G,0.0047,0.003465,0.05567,0.051133
16,"Iron, Fe","Iron, Fe",G,0.00458,0.001554,0.05592,0.0527552
12,"Iron, Fe","Iron, Fe",G,0.00369,0.001881,0.05567,0.051133
12,"Iron, Fe","Iron, Fe",G,0.00392,0.003456,0.05567,0.051133
12,"Iron, Fe","Iron, Fe",G,0.00525,0.00437,0.05567,0.051133
16,"Iron, Fe","Iron, Fe",G,0.00431,0.005094,0.05592,0.0527552
16,"Iron, Fe","Iron, Fe",G,0.00651,0.007158,0.05592,0.0527552
16,"Iron, Fe","Iron, Fe",G,0.00827,0.00593,0.05592,0.0527552
16,"Iron, Fe","Iron, Fe",G,0.0019,0.001688,0.05592,0.0527552
16,"Iron, Fe","Iron, Fe",G,0.00185,0.001599,0.05592,0.0527552
16,"Iron, Fe","Iron, Fe",G,0.00098,0.001042,0.05592,0.0527552
16,"Iron, Fe","Iron, Fe",G,0.0015,0.001439,0.05592,0.0527552
16,"Iron, Fe","Iron, Fe",G,0.0015,0.001305,0.05592,0.0527552
11,"Iron, Fe","Iron, Fe",G,0.00109,0.001139,0.02144,0.0238027
16,"Iron, Fe","Iron, Fe",G,0.00127,0.001284,0.05592,0.0527552
16,"Iron, Fe","Iron, Fe",G,0.00097,0.001084,0.05592,0.0527552
16,"Iron, Fe","Iron, Fe",G,0.00157,0.001382,0.05592,0.0527552
10,"Iron, Fe","Iron, Fe",G,0.00053,0.0004519,0.00238,0.0021688
10,"Iron, Fe","Iron, Fe",G,0.00097,0.0009293,0.00238,0.0021688
5,"Iron, Fe","Iron, Fe",G,0.00037,0.0003543,0.00317,0.0026357
5,"Iron, Fe","Iron, Fe",G,0.00081,0.0006018,0.00317,0.0026357
13,"Iron, Fe","Iron, Fe",G,0.00264,0.001641,0.01285,0.011528
13,"Iron, Fe","Iron, Fe",G,0.00235,0.001901,0.01285,0.011528
13,"Iron, Fe","Iron, Fe",G,0.00213,0.002059,0.01285,0.011528
13,"Iron, Fe","Iron, Fe",G,0.00155,0.001834,0.01285,0.011528
1,"Iron, Fe","Iron, Fe",G,9e-05,0.0,0.03264,0.02893675
1,"Iron, Fe","Iron, Fe",G,0.00072,0.0,0.03264,0.02893675
1,"Iron, Fe","Iron, Fe",G,0.00095,0.001303,0.03264,0.02893675
1,"Iron, Fe","Iron, Fe",G,0.00052,0.0,0.03264,0.02893675
1,"Iron, Fe","Iron, Fe",G,0.0002,0.0,0.03264,0.02893675
1,"Iron, Fe","Iron, Fe",G,0.0,0.0,0.03264,0.02893675
1,"Zinc, Zn","Zinc, Zn",G,0.00042,0.00043,0.06474,0.0663554
1,"Zinc, Zn","Zinc, Zn",G,0.00042,0.00045,0.06474,0.0663554
1,"Zinc, Zn","Zinc, Zn",G,0.00048,0.00043,0.06474,0.0663554
1,"Zinc, Zn","Zinc, Zn",G,0.00249,0.00242,0.06474,0.0663554
1,"Zinc, Zn","Zinc, Zn",G,0.00042,0.00043,0.06474,0.0663554
1,"Zinc, Zn","Zinc, Zn",G,0.00042,0.00045,0.06474,0.0663554
1,"Zinc, Zn","Zinc, Zn",G,0.00048,0.00043,0.06474,0.0663554
1,"Zinc, Zn","Zinc, Zn",G,0.00037,0.00042,0.06474,0.0663554
1,"Zinc, Zn","Zinc, Zn",G,0.00221,0.002379,0.06474,0.0663554
16,"Zinc, Zn","Zinc, Zn",G,0.00183,0.00138,0.02871,0.031149200000000002
11,"Zinc, Zn","Zinc, Zn",G,0.00019,0.00019,0.01147,0.010750299999999999
12,"Zinc, Zn","Zinc, Zn",G,0.00331,0.0028,0.05015,0.048343
11,"Zinc, Zn","Zinc, Zn",G,0.00056,0.00039,0.01147,0.010750299999999999
1,"Zinc, Zn","Zinc, Zn",G,0.00132,0.0012,0.06474,0.0663554
1,"Zinc, Zn","Zinc, Zn",G,7e-05,2e-05,0.06474,0.0663554
1,"Zinc, Zn","Zinc, Zn",G,0.0001,0.00043,0.06474,0.0663554
11,"Zinc, Zn","Zinc, Zn",G,0.00042,0.00059,0.01147,0.010750299999999999
11,"Zinc, Zn","Zinc, Zn",G,0.0001,0.00011,0.01147,0.010750299999999999
1,"Zinc, Zn","Zinc, Zn",G,0.0042,0.00433,0.06474,0.0663554
1,"Zinc, Zn","Zinc, Zn",G,0.00249,0.00242,0.06474,0.0663554
9,"Zinc, Zn","Zinc, Zn",G,8e-05,4e-05,0.002,0.00140973
12,"Zinc, Zn","Zinc, Zn",G,0.00529,0.006,0.05015,0.048343
18,"Zinc, Zn","Zinc, Zn",G,0.00074,0.00088,0.00074,0.00088
2,"Zinc, Zn","Zinc, Zn",G,0.00064,0.00064,0.0007400000000000001,0.00064
9,"Zinc, Zn","Zinc, Zn",G,0.00014,0.00014,0.002,0.00140973
9,"Zinc, Zn","Zinc, Zn",G,0.00017,0.00021,0.002,0.00140973
1,"Zinc, Zn","Zinc, Zn",G,0.00364,0.00367,0.06474,0.0663554
1,"Zinc, Zn","Zinc, Zn",G,0.00051,0.00061,0.06474,0.0663554
1,"Zinc, Zn","Zinc, Zn",G,0.00362,0.00362,0.06474,0.0663554
1,"Zinc, Zn","Zinc, Zn",G,0.00315,0.00502,0.06474,0.0663554
1,"Zinc, Zn","Zinc, Zn",G,0.00317,0.00293,0.06474,0.0663554
1,"Zinc, Zn","Zinc, Zn",G,0.00773,0.00711,0.06474,0.0663554
1,"Zinc, Zn","Zinc, Zn",G,0.00052,0.00053,0.06474,0.0663554
1,"Zinc, Zn","Zinc, Zn",G,0.00045,0.00046,0.06474,0.0663554
7,"Zinc, Zn","Zinc, Zn",G,0.00151,0.00152,0.0098,0.00865
1,"Zinc, Zn","Zinc, Zn",G,0.00116,0.00056,0.06474,0.0663554
1,"Zinc, Zn","Zinc, Zn",G,0.00042,0.00043,0.06474,0.0663554
2,"Zinc, Zn","Zinc, Zn",G,0.0001,0.0,0.0007400000000000001,0.00064
1,"Zinc, Zn","Zinc, Zn",G,0.00042,0.00045,0.06474,0.0663554
1,"Zinc, Zn","Zinc, Zn",G,0.00048,0.00043,0.06474,0.0663554
7,"Zinc, Zn","Zinc, Zn",G,0.00292,0.00214,0.0098,0.00865
7,"Zinc, Zn","Zinc, Zn",G,0.00239,0.00241,0.0098,0.00865
1,"Zinc, Zn","Zinc, Zn",G,0.00037,0.00042,0.06474,0.0663554
7,"Zinc, Zn","Zinc, Zn",G,0.00298,0.00258,0.0098,0.00865
11,"Zinc, Zn","Zinc, Zn",G,0.00041,0.00042,0.01147,0.010750299999999999
1,"Zinc, Zn","Zinc, Zn",G,0.00129,0.00124,0.06474,0.0663554
1,"Zinc, Zn","Zinc, Zn",G,9e-05,7e-05,0.06474,0.0663554
20,"Zinc, Zn","Zinc, Zn",G,0.0007,0.00072,0.02847,0.028106
20,"Zinc, Zn","Zinc, Zn",G,0.0007,0.0009,0.02847,0.028106
20,"Zinc, Zn","Zinc, Zn",G,0.0007,0.00115,0.02847,0.028106
20,"Zinc, Zn","Zinc, Zn",G,0.0026,0.00324,0.02847,0.028106
20,"Zinc, Zn","Zinc, Zn",G,0.00085,0.00106,0.02847,0.028106
20,"Zinc, Zn","Zinc, Zn",G,0.0008,0.00119,0.02847,0.028106
1,"Zinc, Zn","Zinc, Zn",G,9e-05,7e-05,0.06474,0.0663554
16,"Zinc, Zn","Zinc, Zn",G,0.00246,0.00444,0.02871,0.031149200000000002
16,"Zinc, Zn","Zinc, Zn",G,0.00392,0.00375,0.02871,0.031149200000000002
20,"Zinc, Zn","Zinc, Zn",G,0.00245,0.00191,0.02847,0.028106
9,"Zinc, Zn","Zinc, Zn",G,0.00015,0.00016,0.002,0.00140973
9,"Zinc, Zn","Zinc, Zn",G,4e-05,1.964e-05,0.002,0.00140973
9,"Zinc, Zn","Zinc, Zn",G,4e-05,1.676e-05,0.002,0.00140973
9,"Zinc, Zn","Zinc, Zn",G,5e-05,2.349e-05,0.002,0.00140973
9,"Zinc, Zn","Zinc, Zn",G,4e-05,2.276e-05,0.002,0.00140973
9,"Zinc, Zn","Zinc, Zn",G,4e-05,1.828e-05,0.002,0.00140973
11,"Zinc, Zn","Zinc, Zn",G,0.00077,0.0006843,0.01147,0.010750299999999999
11,"Zinc, Zn","Zinc, Zn",G,0.00103,0.0007641,0.01147,0.010750299999999999
11,"Zinc, Zn","Zinc, Zn",G,0.00052,0.000511,0.01147,0.010750299999999999
14,"Zinc, Zn","Zinc, Zn",G,7e-05,0.0001718,7e-05,0.0001718
11,"Zinc, Zn","Zinc, Zn",G,0.00053,0.0004229,0.01147,0.010750299999999999
20,"Zinc, Zn","Zinc, Zn",G,0.00328,0.003591,0.02847,0.028106
9,"Zinc, Zn","Zinc, Zn",G,2e-05,2.125e-06,0.002,0.00140973
9,"Zinc, Zn","Zinc, Zn",G,7e-05,3.189e-05,0.002,0.00140973
9,"Zinc, Zn","Zinc, Zn",G,7e-05,5.71e-05,0.002,0.00140973
9,"Zinc, Zn","Zinc, Zn",G,0.0001,4.12e-05,0.002,0.00140973
11,"Zinc, Zn","Zinc, Zn",G,0.00011,0.000104,0.01147,0.010750299999999999
9,"Zinc, Zn","Zinc, Zn",G,5e-05,3.206e-05,0.002,0.00140973
11,"Zinc, Zn","Zinc, Zn",G,0.00065,0.0003888,0.01147,0.010750299999999999
11,"Zinc, Zn","Zinc, Zn",G,0.00065,0.0004815,0.01147,0.010750299999999999
11,"Zinc, Zn","Zinc, Zn",G,0.0011,0.0005123,0.01147,0.010750299999999999
11,"Zinc, Zn","Zinc, Zn",G,0.00075,0.0007629,0.01147,0.010750299999999999
11,"Zinc, Zn","Zinc, Zn",G,0.00024,0.0002364,0.01147,0.010750299999999999
11,"Zinc, Zn","Zinc, Zn",G,0.00017,0.0001597,0.01147,0.010750299999999999
11,"Zinc, Zn","Zinc, Zn",G,0.00013,0.0001256,0.01147,0.010750299999999999
11,"Zinc, Zn","Zinc, Zn",G,0.00017,0.000193,0.01147,0.010750299999999999
11,"Zinc, Zn","Zinc, Zn",G,0.00025,0.0002023,0.01147,0.010750299999999999
1,"Zinc, Zn","Zinc, Zn",G,0.00042,0.0004263,0.06474,0.0663554
1,"Zinc, Zn","Zinc, Zn",G,0.00059,0.0004283,0.06474,0.0663554
1,"Zinc, Zn","Zinc, Zn",G,0.00052,0.000473,0.06474,0.0663554
1,"Zinc, Zn","Zinc, Zn",G,0.00288,0.002353,0.06474,0.0663554
11,"Zinc, Zn","Zinc, Zn",G,0.00054,0.0009002,0.01147,0.010750299999999999
16,"Zinc, Zn","Zinc, Zn",G,0.00251,0.003062,0.02871,0.031149200000000002
12,"Zinc, Zn","Zinc, Zn",G,0.00329,0.003178,0.05015,0.048343
12,"Zinc, Zn","Zinc, Zn",G,0.00434,0.004738,0.05015,0.048343
1,"Zinc, Zn","Zinc, Zn",G,0.0004,0.0004538,0.06474,0.0663554
1,"Zinc, Zn","Zinc, Zn",G,0.0005,0.0005891,0.06474,0.0663554
1,"Zinc, Zn","Zinc, Zn",G,0.00024,0.0002231,0.06474,0.0663554
1,"Zinc, Zn","Zinc, Zn",G,0.00033,0.0003919,0.06474,0.0663554
11,"Zinc, Zn","Zinc, Zn",G,0.00015,0.0001728,0.01147,0.010750299999999999
11,"Zinc, Zn","Zinc, Zn",G,0.0002,0.0003033,0.01147,0.010750299999999999
11,"Zinc, Zn","Zinc, Zn",G,0.00018,0.0003103,0.01147,0.010750299999999999
12,"Zinc, Zn","Zinc, Zn",G,0.00645,0.005713,0.05015,0.048343
12,"Zinc, Zn","Zinc, Zn",G,0.00312,0.002865,0.05015,0.048343
12,"Zinc, Zn","Zinc, Zn",G,0.00309,0.00276,0.05015,0.048343
12,"Zinc, Zn","Zinc, Zn",G,0.00453,0.00393,0.05015,0.048343
20,"Zinc, Zn","Zinc, Zn",G,0.00397,0.002744,0.02847,0.028106
9,"Zinc, Zn","Zinc, Zn",G,0.00012,0.0001067,0.002,0.00140973
9,"Zinc, Zn","Zinc, Zn",G,7e-05,6.446e-05,0.002,0.00140973
11,"Zinc, Zn","Zinc, Zn",G,0.00024,0.0003498,0.01147,0.010750299999999999
11,"Zinc, Zn","Zinc, Zn",G,0.00013,9.29e-05,0.01147,0.010750299999999999
11,"Zinc, Zn","Zinc, Zn",G,0.0002,0.000204,0.01147,0.010750299999999999
11,"Zinc, Zn","Zinc, Zn",G,0.00018,0.0002112,0.01147,0.010750299999999999
11,"Zinc, Zn","Zinc, Zn",G,0.00022,0.000245,0.01147,0.010750299999999999
9,"Zinc, Zn","Zinc, Zn",G,0.00014,0.000114,0.002,0.00140973
9,"Zinc, Zn","Zinc, Zn",G,0.00042,0.0002213,0.002,0.00140973
9,"Zinc, Zn","Zinc, Zn",G,0.00016,8.534e-05,0.002,0.00140973
9,"Zinc, Zn","Zinc, Zn",G,3e-05,2.625e-06,0.002,0.00140973
20,"Zinc, Zn","Zinc, Zn",G,0.00312,0.001755,0.02847,0.028106
20,"Zinc, Zn","Zinc, Zn",G,0.002,0.002144,0.02847,0.028106
20,"Zinc, Zn","Zinc, Zn",G,0.0024,0.002236,0.02847,0.028106
20,"Zinc, Zn","Zinc, Zn",G,0.00168,0.002258,0.02847,0.028106
20,"Zinc, Zn","Zinc, Zn",G,0.00213,0.001854,0.02847,0.028106
20,"Zinc, Zn","Zinc, Zn",G,0.00109,0.001354,0.02847,0.028106
13,"Zinc, Zn","Zinc, Zn",G,0.00479,0.004194,0.03133,0.026832
13,"Zinc, Zn","Zinc, Zn",G,0.00418,0.003848,0.03133,0.026832
10,"Zinc, Zn","Zinc, Zn",G,0.0022,0.002226,0.0058,0.005569
5,"Zinc, Zn","Zinc, Zn",G,0.00147,0.001177,0.00626,0.0061294999999999995
5,"Zinc, Zn","Zinc, Zn",G,0.00253,0.00295,0.00626,0.0061294999999999995
12,"Zinc, Zn","Zinc, Zn",G,0.00578,0.005071,0.05015,0.048343
12,"Zinc, Zn","Zinc, Zn",G,0.00245,0.002334,0.05015,0.048343
16,"Zinc, Zn","Zinc, Zn",G,0.00327,0.00278,0.02871,0.031149200000000002
12,"Zinc, Zn","Zinc, Zn",G,0.0013,0.0012,0.05015,0.048343
12,"Zinc, Zn","Zinc, Zn",G,0.0022,0.002176,0.05015,0.048343
12,"Zinc, Zn","Zinc, Zn",G,0.005,0.005578,0.05015,0.048343
16,"Zinc, Zn","Zinc, Zn",G,0.00276,0.003124,0.02871,0.031149200000000002
16,"Zinc, Zn","Zinc, Zn",G,0.00327,0.003863,0.02871,0.031149200000000002
16,"Zinc, Zn","Zinc, Zn",G,0.00337,0.003654,0.02871,0.031149200000000002
16,"Zinc, Zn","Zinc, Zn",G,0.00054,0.0007399,0.02871,0.031149200000000002
16,"Zinc, Zn","Zinc, Zn",G,0.00077,0.0006313,0.02871,0.031149200000000002
16,"Zinc, Zn","Zinc, Zn",G,0.00059,0.0007243,0.02871,0.031149200000000002
16,"Zinc, Zn","Zinc, Zn",G,0.00074,0.00056,0.02871,0.031149200000000002
16,"Zinc, Zn","Zinc, Zn",G,0.00074,0.000526,0.02871,0.031149200000000002
11,"Zinc, Zn","Zinc, Zn",G,0.00068,0.000712,0.01147,0.010750299999999999
16,"Zinc, Zn","Zinc, Zn",G,0.00059,0.0006248,0.02871,0.031149200000000002
16,"Zinc, Zn","Zinc, Zn",G,0.0007,0.000655,0.02871,0.031149200000000002
16,"Zinc, Zn","Zinc, Zn",G,0.00065,0.0006349,0.02871,0.031149200000000002
10,"Zinc, Zn","Zinc, Zn",G,0.00173,0.00157,0.0058,0.005569
10,"Zinc, Zn","Zinc, Zn",G,0.00187,0.001773,0.0058,0.005569
5,"Zinc, Zn","Zinc, Zn",G,0.00068,0.0006545,0.00626,0.0061294999999999995
5,"Zinc, Zn","Zinc, Zn",G,0.00158,0.001348,0.00626,0.0061294999999999995
13,"Zinc, Zn","Zinc, Zn",G,0.0078,0.004063,0.03133,0.026832
13,"Zinc, Zn","Zinc, Zn",G,0.00376,0.003778,0.03133,0.026832
13,"Zinc, Zn","Zinc, Zn",G,0.00699,0.005386,0.03133,0.026832
13,"Zinc, Zn","Zinc, Zn",G,0.00381,0.005563,0.03133,0.026832
1,"Zinc, Zn","Zinc, Zn",G,0.00097,0.0005989,0.06474,0.0663554
1,"Zinc, Zn","Zinc, Zn",G,0.003,0.003785,0.06474,0.0663554
1,"Zinc, Zn","Zinc, Zn",G,0.00221,0.002379,0.06474,0.0663554
1,"Zinc, Zn","Zinc, Zn",G,0.00323,0.00389,0.06474,0.0663554
1,"Zinc, Zn","Zinc, Zn",G,0.00258,0.002908,0.06474,0.0663554
1,"Zinc, Zn","Zinc, Zn",G,0.00387,0.003597,0.06474,0.0663554
